date|n|type
2025-01-02|748|geo_track
2025-01-03|752|geo_track
2025-01-04||geo_track
2025-01-05||geo_track
2025-01-06|744|geo_track
2025-01-07|731|geo_track
2025-01-08|760|geo_track
2025-01-09|748|geo_track
2025-01-10|747|geo_track
2025-01-11||geo_track
2025-01-12||geo_track
2025-01-13|756|geo_track
2025-01-14|768|geo_track
2025-01-15|753|geo_track
2025-01-16|809|geo_track
2025-01-17|815|geo_track
2025-01-18||geo_track
2025-01-19||geo_track
2025-01-20||geo_track
2025-01-21|797|geo_track
2025-01-22|804|geo_track
2025-01-23|812|geo_track
2025-01-24|827|geo_track
2025-01-25||geo_track
2025-01-26||geo_track
2025-01-27|839|geo_track
2025-01-28|851|geo_track
2025-01-29|864|geo_track
2025-01-30|888|geo_track
2025-01-31|901|geo_track
2025-02-01||geo_track
2025-02-02||geo_track
2025-02-03|1061|geo_track
2025-02-04|1037|geo_track
2025-02-05|1162|geo_track
2025-02-06|1171|geo_track
2025-02-07|1178|geo_track
2025-02-08||geo_track
2025-02-09||geo_track
2025-02-10|1194|geo_track
2025-02-11|1172|geo_track
2025-02-12|1274|geo_track
2025-02-13|1280|geo_track
2025-02-14|1294|geo_track
2025-02-15||geo_track
2025-02-16||geo_track
2025-02-17||geo_track
2025-02-18|1287|geo_track
2025-02-19|1304|geo_track
2025-02-20|1312|geo_track
2025-02-21|1324|geo_track
2025-02-22||geo_track
2025-02-23||geo_track
2025-02-24|1353|geo_track
2025-02-25|1325|geo_track
2025-02-26|1336|geo_track
2025-02-27|1349|geo_track
2025-02-28|1371|geo_track
