detention_facility_code,detention_facility,area_of_responsibility
AAORDMD,ORDNANCE ROAD CORRECTIONAL CENTER,Baltimore Area of Responsibility
ABQHOLD,ALBUQUERQUE HOLD ROOM,El Paso Area of Responsibility
ABRMCTX,ABILENE REGIONAL MED CTR,NA
ABRXSPA,ABRAXAS ACADEMY DETENTION CENTER,Philadelphia Area of Responsibility
ABTHOLD,ABILENE HOLD ROOM,NA
ADACOID,ADA COUNTY JAIL,NA
ADAIRKY,ADAIR COUNTY REGIONAL JAIL,Chicago Area of Responsibility
ADAMSMS,ADAMS COUNTY DET CENTER,New Orleans Area of Responsibility
ADAMSWA,ADAMS COUNTY,Seattle Area of Responsibility
ADDCOVT,ADDISON COUNTY JAIL,Boston Area of Responsibility
ADLNTCA,ADELANTO ICE PROCESSING CENTER,Los Angeles Area of Responsibility
ADVHBCA,ADVENTIST HEALTH BAKERSFIELD,San Francisco Area of Responsibility
AFRC,ARTESIA FAMILY RESIDENTIAL CENTER,NA
AGAHOLD,AGANA INS,San Francisco Area of Responsibility
AGC,AGUADILLA SPC,Miami Area of Responsibility
AGMDCCA,ANAHEIM GLOBAL MEDICAL CENTER,NA
AIRHOPR,"AIRPORT HOTEL, SAJ.",Miami Area of Responsibility
AKCOOKI,"COOK INLET PRETRIAL, ANCH",Seattle Area of Responsibility
AKFAIRB,FAIRBANKS CORR CTR,Seattle Area of Responsibility
AKGSCCC,GOOSE CREEK CORRECTIONAL CENTER,Seattle Area of Responsibility
AKHIGHL,HIGHLAND MTN COR CTR,Seattle Area of Responsibility
AKKETCH,KETCHIKAN REGIONAL CC,Seattle Area of Responsibility
AKLEMON,"LEMON CREEK, JUNEAU,AK",Seattle Area of Responsibility
AKPALMC,PALMER CORRECTIONAL CENTE,Seattle Area of Responsibility
AKPSYNJ,ANNE KLEIN PHSYCHIATRIC INSTITUTE,Newark Area of Responsibility
AKWILCC,WILDWOOD STATE CORR. CTR.,Seattle Area of Responsibility
AKWILPT,WILDWOOD PRE-TRIAL FAC.,Seattle Area of Responsibility
ALAMCNC,ALAMANCE CO. DET. FACILITY,Atlanta Area of Responsibility
ALAMOCO,ALAMOSA COUNTY JAIL,Denver Area of Responsibility
ALAMOTX,ALAMO POLICE DEPT.,Harlingen Area of Responsibility
ALBCONY,ALBANY COUNTY JAIL,New York City Area of Responsibility
ALBEMVA,ALBEMARLE-CHARLOTTESVILLE,Washington Area of Responsibility
ALBHOLD,ALBANY HOLDROOM,NA
ALESSAZ,STES ON SCOTTSDALE CASA DE ALEGRIA,NA
ALEXAAL,ALEXANDRIA CITY JAIL,New Orleans Area of Responsibility
ALEXAVA,ALEXANDRIA CITY JAIL,Washington Area of Responsibility
ALHAMCA,ALHAMBRA CITY JAIL,Los Angeles Area of Responsibility
ALLEGNY,ALLEGANY COUNTY JAIL,NA
ALLEGPA,ALLEGHENY CO. JAIL,Philadelphia Area of Responsibility
ALLENIN,ALLEN COUNTY JAIL,Chicago Area of Responsibility
ALMHOLD,ALAMOSA HOLDROOM,Denver Area of Responsibility
AMTHOLD,AMARILLO HOLD ROOM,Dallas Area of Responsibility
ANCHOAK,ANCHORAGE JAIL,Seattle Area of Responsibility
ANCHOLD,ANCHORAGE SUB-OFFICE HOLD ROOM,Seattle Area of Responsibility
ANDERSC,ANDERSON COUNTY DET CENTER,NA
ANDRWTX,ANDREWS SHERRIF'S OFFICE CO JAIL,El Paso Area of Responsibility
ANSGHTX,ANSON GENERAL HOSPITAL,Dallas Area of Responsibility
ANWHMMN,ABBOTT NORTHWESTERN HOSP,St. Paul Area of Responsibility
APACHAZ,APACHE CO. JAIL,Phoenix Area of Responsibility
APIBHCA,ALVARADO PARKWAY INSTITUTE,NA
APPSCLA,ALLEN PARISH PUBLIC SAFETY COMPLEX,New Orleans Area of Responsibility
ARAPACO,ARAPAHOE COUNTY JAIL,Denver Area of Responsibility
ARLCOVA,ARLINGTON CO JAIL,Washington Area of Responsibility
AROOSME,AROOSTOOK COUNTY JAIL,Boston Area of Responsibility
ARRMCCA,ARROWHEAD REGIONAL MED CENTER,Los Angeles Area of Responsibility
ARTESNM,ARTESIA CITY JAIL,El Paso Area of Responsibility
ARTSINM,ARTESIA LAW ENFORCEMENT CENTER,El Paso Area of Responsibility
ASHECNC,ASHE COUNTY JAIL,NA
ASHRSFL,ATLANTIC SHORES HOSPITAL,Miami Area of Responsibility
ASWHRTX,ASCENSION SETON WILLIAMS HOSP,San Antonio Area of Responsibility
ATLANGA,ATLANTA PRETRIAL DETN CTR,Atlanta Area of Responsibility
ATLHOLD,ATLANTA DIST. HOLD RM,Atlanta Area of Responsibility
ATTHOLD,"ATHENS, TX HOLD ROOM",NA
AURORCO,AURORA CITY JAIL,Denver Area of Responsibility
AUSHOLD,AUSTIN DRO HOLD ROOM,San Antonio Area of Responsibility
AVPARLA,AVOYELLES PARISH PRISON,New Orleans Area of Responsibility
AZSPFLO,ARIZONA STATE PRISON COMP,Phoenix Area of Responsibility
AZSPPER,PERRYVILLE STATE PRISON,Phoenix Area of Responsibility
AZSVCPC,ARIZONA SERVICE PRISON COMPLEX,Phoenix Area of Responsibility
BAILECA,GEORGE BAILEY DETENT FACI,San Diego Area of Responsibility
BAKERFL,BAKER COUNTY SHERIFF DEPT.,Miami Area of Responsibility
BALDWAL,BALDWIN COUNTY COR. CENTER,New Orleans Area of Responsibility
BALHOLD,BALTIMORE HOLD ROOM,Baltimore Area of Responsibility
BARNSMA,BARNSTABLE COUNTY,Boston Area of Responsibility
BARRECA,BARRETT HONOR CAMP,Los Angeles Area of Responsibility
BARTOGA,BARTOW CO JAIL,Atlanta Area of Responsibility
BASILLA,SOUTH LOUISIANA ICE PROC CTR,New Orleans Area of Responsibility
BAYAMPR,BAYAMON HOSPITAL,Miami Area of Responsibility
BCORCPA,BERKS COUNTY RESIDENTIAL CENTER,Philadelphia Area of Responsibility
BEAVRPA,BEAVER COUNTY JAIL,NA
BEDCITX,BEDFORD CITY JAIL,Dallas Area of Responsibility
BEDFOOH,BEDFORD HEIGHTS CITY,NA
BEFAMPA,BERKS COUNTY FAMILY SHELTER,Philadelphia Area of Responsibility
BEHOSNY,"BELLEVUE HOSPITAL, MANHAT",New York City Area of Responsibility
BEJUVPA,BERKS CO. JUVENILE,Philadelphia Area of Responsibility
BELCOTX,BELL COUNTY JAIL,Houston Area of Responsibility
BELMOOH,BELMONT COUNTY JAIL,Detroit Area of Responsibility
BERGENJ,BERGEN COUNTY JAIL,New York City Area of Responsibility
BERKSPA,"BERKS COUNTY JAIL, PA",Philadelphia Area of Responsibility
BESECPA,BERKS COUNTY SECURED JUVENILE,Philadelphia Area of Responsibility
BFGHITX,"BYRD'S FOSTER GROUP HOME, INC",NA
BHCALCA,ALHAMBRA BHC HOSPITAL,Los Angeles Area of Responsibility
BHFLDMI,BRONSON HOSPITAL FIELDSTONE CENTER,Detroit Area of Responsibility
BHMHOLD,BIRMINGHAM HOLD ROOM,New Orleans Area of Responsibility
BIDHPMA,BETH ISRAEL DEACONESS HOSP,Boston Area of Responsibility
BILHOLD,BILLINGS HOLD ROOM,Salt Lake City Area of Responsibility
BIMDCAZ,BANNER IRONWOOD MED CTR,Phoenix Area of Responsibility
BKLHOLD,BAKERFIELD HOLD,San Francisco Area of Responsibility
BLBNATX,BLUEBONNET DET FCLTY,Dallas Area of Responsibility
BLHHOLD,BELLINGHAM BPS ERO HOLDROOM,NA
BMCSATX,BAPTIST MEDICAL CENTER,San Antonio Area of Responsibility
BNMCTAZ,BANNER MEDICAL CTR TUCSON,Phoenix Area of Responsibility
BOIHOLD,BOISE HOLD ROOM,NA
BONNEID,BONNEVILLE CO. JAIL,NA
BOONEKY,BOONE COUNTY JAIL,Chicago Area of Responsibility
BOPALM,ALLENWOOD (MED) FCI,Philadelphia Area of Responsibility
BOPBRO,BROOKLYN MDC,New York City Area of Responsibility
BOPCAA,USP CANAAN,Philadelphia Area of Responsibility
BOPCNV,NASHVILLE COMM. CORR.,New Orleans Area of Responsibility
BOPDAL,DALBY CORRECTIONAL INSTITUTE,Dallas Area of Responsibility
BOPFAI,FAIRTON FCI,Newark Area of Responsibility
BOPGIL,FCI GILMER,Philadelphia Area of Responsibility
BOPGUA,GUAYNABO MDC (SAN JUAN),Miami Area of Responsibility
BOPHON,HONOLULU FEDERAL DETENTION CENTER,San Francisco Area of Responsibility
BOPLEX,LEXINTON FED.MED CENTER,Chicago Area of Responsibility
BOPLOF,LOMPOC FCI,Los Angeles Area of Responsibility
BOPLOM,LOMPOC USP,Los Angeles Area of Responsibility
BOPLOS,LOS ANGELES MET.DET.CTR.,Los Angeles Area of Responsibility
BOPLTL,"LA TUNA FEDERAL SATTELITE, LOW",El Paso Area of Responsibility
BOPMCR,MCCREARY USP,Chicago Area of Responsibility
BOPMIA,MIAMI FCI (FORMER MCC),Miami Area of Responsibility
BOPMIM,MIAMI FED.DET.CENTER,Miami Area of Responsibility
BOPMRG,MORGANTOWN FED.CORR.INST.,Philadelphia Area of Responsibility
BOPMVC,MOSHANNON VALLEY CORRECTIONAL,Philadelphia Area of Responsibility
BOPNEO,NORTHEAST OHIO CORRECTIONAL CENTER,NA
BOPOAD,OAKDALE FED.DET.CENTER,New Orleans Area of Responsibility
BOPPET,PETERSBURG FED.CORR.INST.,Washington Area of Responsibility
BOPPHX,PHOENIX FED.CORR.INST.,Phoenix Area of Responsibility
BOPPOL,POLLOCK USP,New Orleans Area of Responsibility
BOPRAE,"MCRAE CORRECTIONAL FACILITY, CCA",Atlanta Area of Responsibility
BOPRBK,RAY BROOK FED.CORR.INST.,New York City Area of Responsibility
BOPSDC,SAN DIEGO MCC,San Diego Area of Responsibility
BOPSET,SEATAC FED.DET.CENTER,Seattle Area of Responsibility
BOPSHE,SHERIDAN FED.CORR.INST.,Seattle Area of Responsibility
BOPSPG,SPRINGFIELD FED.MED.CNTR,Chicago Area of Responsibility
BOPTCN,TUCSON FED.CORR.INST.,Phoenix Area of Responsibility
BOPTCP,US PENITENTIARY TUCSON,Phoenix Area of Responsibility
BOPTHA,TERRE HAUTE USP,Chicago Area of Responsibility
BOPTRV,THREE RIVERS FCI,San Antonio Area of Responsibility
BOPVIM,FCI VICTORVILLE,Los Angeles Area of Responsibility
BOSHOLD,BOSTON HOLDROOM,Boston Area of Responsibility
BOSSRLA,BOSSIER PARISH COR. CENTER,New Orleans Area of Responsibility
BOTTIND,BOTTINEAU CO. ND JAIL,St. Paul Area of Responsibility
BPC,BOSTON SPC,Boston Area of Responsibility
BRADEFL,BRADENTON DETENTION CENTER,NA
BRANCMI,"BRANCH CO, COLDWATER, MI",Detroit Area of Responsibility
BRCHOLD,BRUSH HOLDROOM,NA
BRDFDFL,BRADFORD COUNTY JAIL,Miami Area of Responsibility
BREMEIA,"BREMER CO JAIL, IOWA",St. Paul Area of Responsibility
BRGMCFL,BROWARD GENERAL MEDICAL CENTER,Miami Area of Responsibility
BRINDMA,BRISTOL CNTY NDARTMOUTH,Boston Area of Responsibility
BRKHOLD,BERKS HOLD ROOM,Philadelphia Area of Responsibility
BROCRFL,BROWARD CORRECTIONAL,Miami Area of Responsibility
BROJAFL,BROWARD COUNTY JAIL,Miami Area of Responsibility
BROKSTX,BROOKS COUNTY JAIL (CONTRACT),NA
BROMMNY,BROOME COUNTY JAIL,New York City Area of Responsibility
BROWNSD,BROWN COUNTY JAIL,St. Paul Area of Responsibility
BROWNWI,BROWN COUNTY JAIL,Chicago Area of Responsibility
BRWNSTX,BROWNSVILLE POLICE DEPT.,Harlingen Area of Responsibility
BSAHOLD,BROADVIEW SERVICE STAGING,Chicago Area of Responsibility
BSCHOLD,BIG SPRING HOLD ROOM,Dallas Area of Responsibility
BSCORTX,BSCC AIRPARK UNIT,Dallas Area of Responsibility
BSFLTTX,BSCC FLIGHTLINE UNIT,Dallas Area of Responsibility
BSQUETX,BOSQUE COUNTY SHERIFF'S DEPT.,Houston Area of Responsibility
BSTAYTX,BAYLOR SCOTT WHITE MD CTR,San Antonio Area of Responsibility
BSWRRTX,BAYLOR SCOTT WHITE MED RR,San Antonio Area of Responsibility
BTV,BUFFALO SPC,Buffalo Area of Responsibility
BUFHOLD,BUFFALO HOLD ROOM,NA
BURLEND,"BURLEIGH CO. JAIL, ND",St. Paul Area of Responsibility
BURNETX,BURNET COUNTY JAIL,San Antonio Area of Responsibility
BUTLEKS,BUTLER COUNTY JAIL,Chicago Area of Responsibility
BUTLEOH,BUTLER COUNTY JAIL,Detroit Area of Responsibility
BWDGICA,BEST WESTERN DRAGON GATE INN,Los Angeles Area of Responsibility
BWEPATX,BEST WESTERN CASA DE ESTRELLA,NA
BWMARCA,BEST WESTERN MARINA,NA
BWRGMTX,BEST WEST ROSE GRDN I&S,NA
BXCHSNY,BRONXCARE HEALTH SYSTEM,New York City Area of Responsibility
CACCJAM,SCC/JAMESTOWN,San Francisco Area of Responsibility
CACFBAK,BAKER CCF,Los Angeles Area of Responsibility
CACFDON,RJ DONOVAN CORREC FAC,San Diego Area of Responsibility
CACFLEO,CCF/LEO CHESNEY,San Francisco Area of Responsibility
CACFMCF,MCFARLAND CCF,NA
CACFMES,MESA VERDE ICE PROCESSING CENTER,San Francisco Area of Responsibility
CACHEUT,CACHE CO. JAIL,Salt Lake City Area of Responsibility
CACTYCA,CALIFORNIA CITY CORECTIONS CENTER,NA
CADCCAL,CDC CALIPATRIA IHP,San Diego Area of Responsibility
CADESVI,DESERT VIEW ANNEX,Los Angeles Area of Responsibility
CAIRONW,IRONWOOD STATE PRISON,Los Angeles Area of Responsibility
CAJUVMN,CARVER CO. JUVY DETENTION,St. Paul Area of Responsibility
CALDWMO,CALDWELL COUNTY JAIL,Chicago Area of Responsibility
CALHOMI,"CALHOUN CO., BATTLE CR,MI",Detroit Area of Responsibility
CAMBRPA,"CAMBRIA COUNTY JAIL, PA",Philadelphia Area of Responsibility
CAMEDAZ,CENTRAL ARIZONA MEDICAL,Phoenix Area of Responsibility
CAMENCE,"CALIF. MEN COLONY, EAST",Los Angeles Area of Responsibility
CAMENCW,"CALIF. MEN COLONY, WEST",Los Angeles Area of Responsibility
CAMERTX,CAMERON COUNTY JAIL,Harlingen Area of Responsibility
CARBOPA,CARBON COUNTY CORRECTIONL,Philadelphia Area of Responsibility
CARDFVA,CAROLINE DETENTION FACILITY,Washington Area of Responsibility
CARJAMN,CARVER COUNTY JAIL,St. Paul Area of Responsibility
CARROMD,CARROLL COUNTY DETENTION CENTER,NA
CASCAMT,"CASCADE COUNTY JAIL, MT",Salt Lake City Area of Responsibility
CASPSAC,CSP-SACRAMENTO,San Francisco Area of Responsibility
CASSCND,CASS COUNTY JAIL,St. Paul Area of Responsibility
CASSCNE,CASS COUNTY JAIL,St. Paul Area of Responsibility
CASSJCA,CASA SAN JUAN,San Diego Area of Responsibility
CATAHLA,CATAHOULA CORRECTIONAL CENTER,New Orleans Area of Responsibility
CATTANY,CATTARAUGUS COUNTY JAIL,New York City Area of Responsibility
CAWVALL,WEST VALLEY,NA
CAYUGNY,CAYUGA COUNTY JAIL,New York City Area of Responsibility
CBENDTX,COASTAL BEND DET. FACILITY,Harlingen Area of Responsibility
CBRRSNC,Cabarrus County Jail,Atlanta Area of Responsibility
CCADCAZ,CCA CENT.AZ.DET.CTR.,Phoenix Area of Responsibility
CCAFLAZ,"CCA, FLORENCE CORRECTIONAL CENTER",Phoenix Area of Responsibility
CCAHUTX,T DON HUTTO DETENTION CENTER,San Antonio Area of Responsibility
CCANOOH,CCA NORTHEAST OH CORRECTS,Detroit Area of Responsibility
CCASDCA,OTAY MESA DETENTION CENTER,San Diego Area of Responsibility
CCCSSTX,CHRISTUS SPOHN HOSP CC - SOUTH,Harlingen Area of Responsibility
CCHHSIL,COOK COUNTY HOSPITAL-JHS,NA
CCHRTTX,CEDAR CREST HOSP TREAT,San Antonio Area of Responsibility
CEMEDFL,CEDARS MEDICAL CENTER,Miami Area of Responsibility
CENTRWV,(OLD) CENTRAL REGIONAL JAIL,Philadelphia Area of Responsibility
CGRMCAZ,CASA GRANDE REG. MED. CENTER,Phoenix Area of Responsibility
CHACONY,CHAUTAUQUA COUNTY JAIL,Buffalo Area of Responsibility
CHAHOLD,CHARLOTTE AMALIE HOLDROOM,Miami Area of Responsibility
CHANRAZ,CHANDLER REG MED CTR,Phoenix Area of Responsibility
CHARLSC,CHARLESTON COUNTY CORRECT,NA
CHASEKS,CHASE COUNTY JAIL,Chicago Area of Responsibility
CHATHGA,CHATHAM CO JAIL,Atlanta Area of Responsibility
CHAVENM,CHAVEZ DET CRT,El Paso Area of Responsibility
CHELAWA,CHELAN CO. REGIONAL JAIL,Seattle Area of Responsibility
CHEMUNY,CHEMUNG COUNTY JAIL,New York City Area of Responsibility
CHENANY,CHENANGO COUNTY JAIL,New York City Area of Responsibility
CHEROOK,CHEROKEE COUNTY JAIL,Dallas Area of Responsibility
CHFLDVA,CHESTERFIELD CO. JAIL,Washington Area of Responsibility
CHIHMIA,CHI HEALTH MERCY COUNCIL BLUFFS,St. Paul Area of Responsibility
CHIHOLD,CHICAGO HOLD ROOM,Chicago Area of Responsibility
CHIPPMI,"CHIPPEWA CO., SSM",Detroit Area of Responsibility
CHISLTX,CHI ST LUKE'S HEALTH MEM,Houston Area of Responsibility
CHLHOLD,"CHARLESTON, SC HOLD ROOM",NA
CHMCINY,COURTHOUSE USM CNTL ISLIP,NA
CHMHOLD,CHAMPLAIN HOLD ROOM,NA
CHRISMO,CHRISTIAN CO SHERIFF DEPT,Chicago Area of Responsibility
CHRLTFL,CHARLOTTE COUNTY JAIL,Miami Area of Responsibility
CHYHOLD,CHEYENNE HOLDROOM,Denver Area of Responsibility
CIBOCNM,CIBOLA COUNTY CORRECTIONAL CENTER,El Paso Area of Responsibility
CIBOGNM,CIBOLA GENERAL HOSPITAL,El Paso Area of Responsibility
CIBOLNM,CIBOLA COUNTY DET CTR,El Paso Area of Responsibility
CINHOLD,CINCINNATI HOLDROOM,Detroit Area of Responsibility
CIPHOLD,CENTRAL ISLIP HOLD ROOM,NA
CISAETX,COMFORT INN STE ELP AIRP,NA
CISEPTX,COMFORT SUITES CASA CONSUELO,El Paso Area of Responsibility
CISPVLA,COUNTY INN & STE BY RAD,NA
CKHOSFL,HCA FLORIDA KENDALL HOSPITAL,Miami Area of Responsibility
CLAYCIN,CLAY COUNTY JUSTICE CENTER,Chicago Area of Responsibility
CLEHOLD,CLEVELAND HOLD ROOM,Detroit Area of Responsibility
CLICONY,CLINTON COUNTY JAIL,NA
CLINTPA,CLINTON COUNTY CORR. FAC.,Philadelphia Area of Responsibility
CLMHOLD,COLUMBUS HOLDROOM,Detroit Area of Responsibility
CLTHOLD,CHARLOTTE HOLD ROOM,Atlanta Area of Responsibility
CMDHOLD,BATAVIA COMMAND CENTER HOLDROOM,Buffalo Area of Responsibility
CMEDHPR,CENTRO MEDICO HOSPITAL,Miami Area of Responsibility
CMPJVNY,COMPASS HOUSE SHELTER,New York City Area of Responsibility
CNGHOLD,CHATTANOOGA HOLD ROOM,New Orleans Area of Responsibility
CNTGRIL,CENTEGRA HOSPITAL,NA
COAHOLD,"COLUMBIA, SC HOLDROOM",NA
COBBJGA,COBB CO SHERIFFS OFC ADULT DET CTR,Atlanta Area of Responsibility
COCHIAZ,COCHISE CO JAIL BISBEE AZ,Phoenix Area of Responsibility
COCONAZ,COCONINO CO DETENTION FACILITY,Phoenix Area of Responsibility
COLCASC,COLUMBIA CARE CENTER,Atlanta Area of Responsibility
COLLIFL,COLLIER COUNTY SHERIFF,Miami Area of Responsibility
COLUMFL,COLUMBIA COUNTY JAIL,Miami Area of Responsibility
COLUMOR,COLUMBIA COUNTY JAIL,Seattle Area of Responsibility
COLUMPA,COLUMBIA COUNTY JAIL,Philadelphia Area of Responsibility
COMFTFL,COMFORT SUITES HOTEL,Miami Area of Responsibility
CONCOCA,CONTRA COSTA CO. JAIL,Los Angeles Area of Responsibility
CONCOLA,CONCORDIA PARISH C C,New Orleans Area of Responsibility
CONEJCO,CONEJOS COUNTY JAIL,Denver Area of Responsibility
CONWECA,CONTRA COSTA CO JAIL/WEST,San Francisco Area of Responsibility
COOCONH,COOS COUNTY JAIL,Boston Area of Responsibility
COOSCOR,COOS CO. JAIL,Seattle Area of Responsibility
COSTACA,COSTA MESA COLLEGE HOSP,Los Angeles Area of Responsibility
COWJVWA,COWLITZ CO. JUV. DET.,Seattle Area of Responsibility
CPPAPAZ,CROWNE PLAZA PHOENIX AP,NA
CRGHOLD,CRAIG HOLDROOM,Denver Area of Responsibility
CRIHOLD,CEDAR RAPIDS HOLD ROOM,St. Paul Area of Responsibility
CRMCFCA,COMMUNITY REG MED CENTER,San Francisco Area of Responsibility
CRPHOLD,CORPUS CHRISTI EOR HOLD ROOM,Harlingen Area of Responsibility
CRYCCTX,CRYSTAL CITY CORR. CENTER,San Antonio Area of Responsibility
CSANOLA,COMFORT SUITES ALEXANDRIA,NA
CSCLQTX,LA QUINTA WYNDHAM CASA DE PAZ,NA
CSCNWWA,NW ICE PROCESSING CTR,Seattle Area of Responsibility
CSDHOLD,COLO SPRINGS DEN HSI HOLD,NA
CSHEPTX,CHASE STE HOTEL ELP,NA
CSPHOLD,CASPER HOLDROOM,Denver Area of Responsibility
CSSCHVA,CENTRA SOUTHSIDE COMM HOSP,Washington Area of Responsibility
CSYJVNY,CASEY HOUSE SHELTER,New York City Area of Responsibility
CTLAFSL,LAFFAYETTE SHERIFF'S LOCK,Boston Area of Responsibility
CULBETX,CULBERSON COUNTY SHERIFF'S,El Paso Area of Responsibility
CULPEVA,CULPEPER CO. ADULT DET. CENTER,Washington Area of Responsibility
CUMBEME,CUMBERLAND COUNTY JAIL,Boston Area of Responsibility
CURRYNM,CURRY COUNTY DET FAC,El Paso Area of Responsibility
CVREGVA,CENTRAL VA REGIONAL JAIL,Washington Area of Responsibility
CWHCCMP,COMMONWEALTH HEALTHCARE CORP,San Francisco Area of Responsibility
DAKOTNE,DAKOTA COUNTY JAIL,St. Paul Area of Responsibility
DALCOTX,DALLAS COUNTY JAIL-LEW STERRETT,Dallas Area of Responsibility
DALHOLD,DALLAS F.O. HOLD,Dallas Area of Responsibility
DAUPHPA,"DAUPHIN CNTY JAIL, PA",Philadelphia Area of Responsibility
DAVIDTN,DAVIDSON CO. SHERIFF DEPT,New Orleans Area of Responsibility
DAWSOMT,DAWSON COUNTY JAIL,NA
DCDOCDC,DC DEPT OF CORRECTIONS,Washington Area of Responsibility
DEAPDMI,DEARBORN POLICE DEPT.,Detroit Area of Responsibility
DECCSMY,DELAWARE CORRECTION CENTER,Philadelphia Area of Responsibility
DEKABGA,DEKALB COUNTY JAIL,Atlanta Area of Responsibility
DEKALAL,DEKALB COUNTY DETENTION CENTER,New Orleans Area of Responsibility
DELAWPA,DELAWARE CO JAIL,Philadelphia Area of Responsibility
DENHOLD,DENVER HOLD ROOM,Denver Area of Responsibility
DENICDF,DENVER CONTRACT DETENTION FACILITY,Denver Area of Responsibility
DENIICO,Denver CDF II,Denver Area of Responsibility
DENVECO,DENVER COUNTY JAIL,Denver Area of Responsibility
DEPCOGU,DEPARTMENT OF CORRECTIONS,San Francisco Area of Responsibility
DETHOLD,"U.S. IMMIGRATION, DETROIT",Detroit Area of Responsibility
DHDFNJ,DELANEY HALL DETENTION FACILITY,Newark Area of Responsibility
DIIHBMD,DAYS INN INNER HARBOR BALTIMORE,NA
DISPTAZ,DRURY INN STES PHO TEMPE,NA
DISSATX,DRURY INN & STES SNA AP,NA
DLAMOCA,DEL AMO PSYCHIATRIC HOSPITAL,Los Angeles Area of Responsibility
DLRHOLD,DEL RIO DRO HOLD ROOM,San Antonio Area of Responsibility
DNHMCCO,DENVER HEALTH MEDICAL CENTER,NA
DOCORNE,DOUGLAS COUNTY CORRECTION,St. Paul Area of Responsibility
DODGEWI,"DODGE COUNTY JAIL, JUNEAU",Chicago Area of Responsibility
DONAANM,DONA ANA COUNTY DETENTION FACILITY,El Paso Area of Responsibility
DORCDSC,DORCHESTER CO DET CTR,NA
DORCHMD,DORCHESTER CO DET CNTR,NA
DOUGLCO,DOUGLAS COUNTY DETENTION CENTER,Denver Area of Responsibility
DOUGLOR,DOUGLAS CO. JAIL,Seattle Area of Responsibility
DOUGLWI,DOUGLAS CO. WISCONSIN,Chicago Area of Responsibility
DRCPCTX,DRT CPC HOLDING,NA
DRHCSTX,DIMMIT REGIONAL HOSPITAL,San Antonio Area of Responsibility
DRURYCO,DRURY INN,Denver Area of Responsibility
DSMCNTX,DSMC - DEL SOL MEDICAL CENTER,NA
DSMHOLD,DES MOINES HOLD ROOM,St. Paul Area of Responsibility
DSRTVCA,DESERT VALLEY HOSPITAL,NA
DULHOLD,DULUTH HOLD ROOM,NA
DURHOLD,DURANGO HOLDROOM,Denver Area of Responsibility
DVDHOLD,DOVER HOLDROOM,Philadelphia Area of Responsibility
DVHSPNV,DESERT VIEW HOSPITAL,Salt Lake City Area of Responsibility
EAGLECO,EAGLE COUNTY JAIL,Denver Area of Responsibility
EAZ,ELOY FED CTR FACILITY (CORE CIVIC),Phoenix Area of Responsibility
ECC,EL CENTRO SPC,NA
ECLECTX,ECTOR COUNTY L.E.C.,El Paso Area of Responsibility
ECMCBNY,ERIE COUNTY MEDICAL CENTER,Buffalo Area of Responsibility
ECOLOWA,ECONOLODGE MOTEL,Seattle Area of Responsibility
EDCHOLD,EDEN HOLD ROOM,NA
EDDCONM,EDDY COUNTY JAIL,El Paso Area of Responsibility
EDNBGTX,EDINBURG POLICE DEPT.,Harlingen Area of Responsibility
EDNDCTX,EDEN DETENTION CTR,Dallas Area of Responsibility
EDNHOLD,EDEN DET CTR HOLD ROOM,NA
EFMHMFL,ED FRASER MEMORIAL HOSPITAL,Miami Area of Responsibility
EHDLGTX,EAST HIDALGO DETENTION CENTER,Harlingen Area of Responsibility
ELGPDIL,ELGIN POLICE DEPT. JAIL,Chicago Area of Responsibility
ELKHAIN,ELKHART COUNTY JAIL,Chicago Area of Responsibility
ELMORID,ELMORE COUNTY JAIL,NA
ELPASCO,EL PASO COUNTY JAIL (CO),Denver Area of Responsibility
ELPCOTX,EL PASO COUNTY JAIL (TX),El Paso Area of Responsibility
ELVDFTX,EL VALLE DETENTION FACILITY,Harlingen Area of Responsibility
ELZICDF,ELIZABETH CONTRACT D.F.,Newark Area of Responsibility
EMBCRNC,EMBASSY SUITES BY HILTON,NA
EMBSATX,EMBASSY STE HLTN SNA AP,NA
EMBSYCO,EMBASSY SUITES HOTEL,Denver Area of Responsibility
EMESACA,EAST MESA DETENT FACILITY,San Diego Area of Responsibility
ENLMCCA,ENLOE MEDICAL CENTER,San Francisco Area of Responsibility
EPBHSTX,EL PASO BEHAVIORAL HEALTH SYSTEM,NA
EPC,EL PASO SPC,El Paso Area of Responsibility
EPCDFTX,EL PASO COUNTY DETENTION FACILITY,El Paso Area of Responsibility
EPCJUVI,EL PASO SPC JUVENILE,El Paso Area of Responsibility
EPCPCTX,EGP CPC HOLDING,NA
EPLTATX,EL PASO LTAC HOSPITAL,NA
ERICOPA,"ERIE COUNTY JAIL, PA",Philadelphia Area of Responsibility
ESAPAAZ,EXTENDED STAY AMERICA PHO AP,NA
ESHSATX,EMBASSY STE HLTN NW I-10,NA
ESSEXNJ,ESSEX COUNTY JAIL,Newark Area of Responsibility
ETOWAAL,ETOWAH COUNTY JAIL (AL),New Orleans Area of Responsibility
ETWHOLD,ETOWAH ERO HOLD ROOM,New Orleans Area of Responsibility
EUGHOLD,EUGENE HOLDROOM,Seattle Area of Responsibility
EULESTX,EULESS CITY JAIL,Dallas Area of Responsibility
EXTSAAZ,EXTENDED STAY AMERICA,NA
FAICOVA,FAIRFAX CO JAIL,Washington Area of Responsibility
FAYETKY,FAYETTE COUNTY DETENTION CENTER,Chicago Area of Responsibility
FAYHOLD,FAYETTEVILLE HOLD ROOM,New Orleans Area of Responsibility
FCLT8CA,FACILITY 8 DETENTION FACILITY,San Diego Area of Responsibility
FCOHOLD,FREDERICK HOLDROOM,NA
FDLHOLD,FERNDALE HOLD ROOM,Seattle Area of Responsibility
FINNEKS,FINNEY COUNTY JAIL,Chicago Area of Responsibility
FIPCAGA,FOLKSTON ANNEX IPC,Atlanta Area of Responsibility
FIPCMGA,FOLKSTON MAIN IPC,Atlanta Area of Responsibility
FLATHMT,FLATHEAD COUNTY JAIL,NA
FLBAKCI,BAKER C. I.,Miami Area of Responsibility
FLBHCFL,FT LAUDERDALE BEHAVOR HLTH CTR,NA
FLBREVC,BREVARD CORRECTIONAL,Miami Area of Responsibility
FLDADCI,DADE CORRECTIONAL INST,Miami Area of Responsibility
FLHOSFL,FORT LAUDERDALE HOSPITAL,NA
FLMARIC,MARION CORRECTIONAL INST.,Miami Area of Responsibility
FLO,FLORENCE SPC,Phoenix Area of Responsibility
FLORHAZ,FLORENCE HOSPITAL,Phoenix Area of Responsibility
FLOYDGA,FLOYD COUNTY JAIL,Atlanta Area of Responsibility
FLSPSTA,"FLORIDA ST. PRIS.,STARKE",Miami Area of Responsibility
FMYHOLD,FORT MYERS ERO HOLDROOM,Miami Area of Responsibility
FNDDUWI,FOND DU LAC COUNTY SHERIFF/JAIL,Chicago Area of Responsibility
FORSYNC,FORSYTH COUNTY JAIL,NA
FPSSAWA,FOUR PTS SHERATON SEA AP,NA
FRACOVT,"FRANKLIN COUNTY JAIL, VT",Boston Area of Responsibility
FRDHOLD,FREDERICK HOLDROOM,Denver Area of Responsibility
FRECOCA,FRESNO COUNTY JAIL,NA
FREDEMD,FREDERICK COUNTY DET. CEN,Baltimore Area of Responsibility
FREEBMN,"FREEBORN COUNTY JAIL, MN",St. Paul Area of Responsibility
FREESTX,FREESTONE COUNTY JAIL,Houston Area of Responsibility
FREHOLD,FRESNO HOLDROOM,San Francisco Area of Responsibility
FREMOCO,"FREMONT COUNTY JAIL, CO",Denver Area of Responsibility
FRFLDWY,FAIRFIELD INN & SUITES,NA
FRIOCTX,FRIO COUNTY JAIL,San Antonio Area of Responsibility
FRIRHTX,FRIO REGIONAL HOSPITAL,San Antonio Area of Responsibility
FRMVLVA,ICA - FARMVILLE,Washington Area of Responsibility
FSAHOLD,FORT SMITH HOLDROOM,New Orleans Area of Responsibility
FSF,FLORENCE STAGING FACILITY,Phoenix Area of Responsibility
FXADCVA,FAIRFAX CO. ADULT DETENTION CENTER,Washington Area of Responsibility
GADRYJM,D. RAY JAMES PRISON,Atlanta Area of Responsibility
GALLAMT,GALLATIN COUNTY JAIL,NA
GARVIOK,GARVIN COUNTY JAIL,Dallas Area of Responsibility
GASTNNC,GASTON COUNTY JAIL,Atlanta Area of Responsibility
GCLECOK,GRADY COUNTY LAW ENFORCEMENT CTR,Dallas Area of Responsibility
GCPFCKS,GARDEN CITY PROCESSING @ FINNEY CO,Chicago Area of Responsibility
GEAUGOH,GEAUGA COUNTY JAIL (GEAUGOH),Detroit Area of Responsibility
GENESNY,GENESEE COUNTY JAIL,New York City Area of Responsibility
GFCORND,GRAND FORKS COUNTY CORREC,St. Paul Area of Responsibility
GFJUVND,GRAND FORKS CO. JUVENILE,St. Paul Area of Responsibility
GJCHOLD,GRAND JUNCTION HOLDROOM,Denver Area of Responsibility
GLADEFL,GLADES COUNTY DETENTION CENTER,Miami Area of Responsibility
GLDSACA,GOLDEN STATE ANNEX,San Francisco Area of Responsibility
GLEPDCA,GLENDALE POLICE DEPT,Los Angeles Area of Responsibility
GMHATGA,GRADY MEMORIAL HOSPITAL,Atlanta Area of Responsibility
GOODCID,GOODING COUNTY JAIL,NA
GPCHOLD,GREAT PLAINS CI HOLDROOM,NA
GRAHAAZ,GRAHAM CO JAIL SAFFORD AZ,Phoenix Area of Responsibility
GRAYSKY,GRAYSON COUNTY DETENTION CENTER,Chicago Area of Responsibility
GREENMA,FRANKLIN HOUSE OF CORRECTIONS,Boston Area of Responsibility
GREENMO,GREENE COUNTY JAIL,Chicago Area of Responsibility
GRFHOLD,GRAND FORKS HOLD ROOM,St. Paul Area of Responsibility
GRIHOLD,GRAND ISLAND HOLD ROOM,St. Paul Area of Responsibility
GRMHOLD,GRAND RAPIDS HOLDROOM,Detroit Area of Responsibility
GRRHOLD,GREER HOLD ROOM,NA
GRYDCKY,GRAYSON COUNTY DET CENTER (FEMALE),Chicago Area of Responsibility
GSAMHCA,GOOD SAMARITAN HOSPITAL,San Francisco Area of Responsibility
GSCHOLD,GLENWOOD SPRINGS HOLDROOM,Denver Area of Responsibility
GUADATX,GUADALUPE CTY JAIL,San Antonio Area of Responsibility
GUDOCHG,DEPT OF CORRECTIONS-HAGATNA,San Francisco Area of Responsibility
GWINNGA,GWINNETT COUNTY JAIL,Atlanta Area of Responsibility
HACMCNJ,HACKENSACK MED CTR,New York City Area of Responsibility
HACTCND,HEART OF AMERICA CORR,St. Paul Area of Responsibility
HAILEID,HAILE DET. CENTER,NA
HALLJGA,HALL CO JAIL,Atlanta Area of Responsibility
HAMILTX,HAMILTON COUNTY JAIL (TX),Houston Area of Responsibility
HAMPDMA,HAMPDEN CO.HOUSE OF CORR.,Boston Area of Responsibility
HAMPITX,HAMPTON INN PEARSALL,NA
HARDEFL,HARDEE COUNTY JAIL,Miami Area of Responsibility
HARDJIA,HARDIN CO JAIL,St. Paul Area of Responsibility
HARFOCT,HARTFORD CORR CENTER,Boston Area of Responsibility
HARHOLD,HARTFORD OFFICE,Boston Area of Responsibility
HARRIGA,HARRIS COUNTY JAIL,Atlanta Area of Responsibility
HASHENE,HALL COUNTY SHERIFF,St. Paul Area of Responsibility
HASKLTX,ROLLING PLAINS DETENTION CENTER,Dallas Area of Responsibility
HASMHTX,HASKELL MEMORIAL HOSPITAL,NA
HAVACTX,HOTEL AVA CASA DO TRANQUILIDADE,Harlingen Area of Responsibility
HBGHOLD,HARRISONBURG HOLD ROOM,Washington Area of Responsibility
HCAFMFL,HCA FLORIDA MEMORIAL HOSPITAL,Miami Area of Responsibility
HCAHCTX,HCA HOUSTON HC CONROE,Houston Area of Responsibility
HCPSCMS,HANCOCK CO PUB SFTY CPLX,NA
HCPSYTX,HARRIS COUNTY PSYCHIATRIC CENTER,Harlingen Area of Responsibility
HDHSPNV,HENDERSON HOSPITAL,Salt Lake City Area of Responsibility
HDLGOTX,HIDALGO POLICE DEPT.,Harlingen Area of Responsibility
HELHOLD,HEL DISTRICT CUSTODY,Salt Lake City Area of Responsibility
HENDENC,HENDERSON COUNTY DET. FAC.,Atlanta Area of Responsibility
HENDENV,HENDERSON DETENTION,Salt Lake City Area of Responsibility
HENDETX,HENDERSON COUNTY JAIL,NA
HENDRFL,HENDRY COUNTY JAIL,Miami Area of Responsibility
HENHOLD,HENDERSONVILLE HOLD ROOM,NA
HESPCAZ,HOLIDAY INN EXPRESS CASA DE LA LUZ,NA
HHBTHTX,HARRIS HEALTH BEN TAUB HOSPITAL,Houston Area of Responsibility
HHCHKTX,HOUSTON HEALTHCARE HOSP,Houston Area of Responsibility
HHWHOLD,ERO HONOLULU SUB-OFFICE HOLD ROOM,San Francisco Area of Responsibility
HIDALNM,HIDALGO COUNTY DETENTION CENTER,El Paso Area of Responsibility
HIDALTX,HIDALGO COUNTY SHERIFF'S JAIL,Harlingen Area of Responsibility
HIELPTX,HOLIDAY INN EXPRESS & SUITES,NA
HIESATX,HOLIDAY INN EXP SAN ANTONIO,NA
HIESPAZ,HOLIDAY INN EXP PHOENIX,NA
HIEXSTX,HOLIDAY INN EXPR & STES PEARSALL,NA
HILLCMT,HILL COUNTY JUSTICE CENTER,NA
HIPANAZ,HAMPTON INN PHO AIRPORT N,NA
HIPDBAZ,HOLIDAY INN PHO DWTN BALLPARK,NA
HIRAYTX,HOLIDAY INN EXPRESS & SUITES,NA
HISAXLA,HAMPTON INN & STES ALEXANDRIA,NA
HISDBCA,HOLIDAY INN SND BAYSIDE,NA
HISEPTX,HAMPTON INN & STES ELP AP,NA
HISMCTX,HAMPTON INN & STES MCALLEN,NA
HISPAAZ,HOLIDAY INN & STE PHO AP,NA
HLGHOLD,HARLINGEN HOLD ROOM,Harlingen Area of Responsibility
HLYCHIL,HOLY CROSS HOSPITAL,NA
HMCHOTX,HARLINGEN MEDICAL CENTER,Harlingen Area of Responsibility
HNDMCTX,HENDRICK MEDICAL CENTER,Dallas Area of Responsibility
HNRMCFL,HENDRY REGIONAL MEDICAL CENTER,Miami Area of Responsibility
HOLIETX,HOLIDAY INN EXP SNA AP,NA
HOSPSPR,HOSPITAL PAVIA-SANTURCE,Miami Area of Responsibility
HOTELMA,RAMADA HOTEL,Boston Area of Responsibility
HOUGTTX,GREENTREE INN HOUSTON IAH AIRPORT,Houston Area of Responsibility
HOUHOLD,HOUSTON FO HOLDROOM,Houston Area of Responsibility
HOUICDF,HOUSTON CONTRACT DET.FAC.,Houston Area of Responsibility
HOWARMD,HOWARD COUNTY DET CNTR,Baltimore Area of Responsibility
HRLGNTX,HARLINGEN POLICE DEPT.,Harlingen Area of Responsibility
HRREGVA,HAMPTON ROADS REGIONAL JAIL,Washington Area of Responsibility
HSELPTX,HAWTHORN STES EL PASO AIRP,NA
HSF,HARLINGEN STAGING FACILITY,Harlingen Area of Responsibility
HTLPPTX,HOTEL PHARR PLAZA,NA
HUDSONJ,HUDSON COUNTY JAIL,New York City Area of Responsibility
HUDSPTX,HUDSPETH COUNTY JAIL,El Paso Area of Responsibility
IAHSFTX,GEORGE BUSH INTERCONTINENTAL,NA
IBPSMIA,MIAMI BORDER PATROL,Miami Area of Responsibility
IFIHOLD,IDAHO FALLS HOLD ROOM,NA
ILPICKN,PINCKNEYVILLE CORRECTIONAL CENTER,Chicago Area of Responsibility
IMPCOCA,IMPERIAL COUNTY JAIL,San Diego Area of Responsibility
IMPHOLD,IMPERIAL SUB OFFICE HOLD ROOM,NA
INDCMIC,IN DEPT. OF CORRECTIONS,Chicago Area of Responsibility
INPHOLD,INDIANAPOLIS HOLD ROOM,Chicago Area of Responsibility
IRADFCA,IMPERIAL REGIONAL ADULT DET FAC,San Diego Area of Responsibility
IRWINGA,IRWIN COUNTY DETENTION CENTER,Atlanta Area of Responsibility
ISHOSNY,"BETH ISRAEL HOSPITAL, MANHATTAN",New York City Area of Responsibility
IWAHOLD,AZ REM OP COORD CENTER (AROCC),Phoenix Area of Responsibility
JACKSOR,JACKSON CO JAIL,Seattle Area of Responsibility
JACKSTN,JACKSON COUNTY SHERIFF,New Orleans Area of Responsibility
JAJUVOR,JACKSON COUNTY JUVENILE,Seattle Area of Responsibility
JAKHOLD,JACKSON MS HOLD ROOM,New Orleans Area of Responsibility
JAMESGA,MAIN FOLKSTON IPC DRJAMES,Atlanta Area of Responsibility
JAXHOLD,JACKSONVILLE SUB-OFFICE,Miami Area of Responsibility
JCRLYTX,JOE CORLEY PROCESSING CTR,Houston Area of Responsibility
JEFFEID,JEFFERSON COUNTY JAIL,NA
JEFFEIL,JEFFERSON COUNTY JAIL,Chicago Area of Responsibility
JEFFEMT,JEFFERSON COUNTY JAIL,Salt Lake City Area of Responsibility
JEFFENY,JEFFERSON COUNTY JAIL,New York City Area of Responsibility
JEFFETX,JEFFERSON COUNTY JAIL,NA
JENADLA,CENTRAL LOUISIANA ICE PROC CTR,New Orleans Area of Responsibility
JENATLA,ALEXANDRIA STAGING FACILITY,New Orleans Area of Responsibility
JFKTSNY,JFK INTERNATIONAL AP - T7,NA
JHALLCA,SAN DIEGO COUNTY JUV.HALL,San Diego Area of Responsibility
JHMCJNY,Jamaica Hospital Med Ctr,New York City Area of Responsibility
JHRWLTX,JACK HARWELL DETENTION CENTER,Houston Area of Responsibility
JKPCCLA,JACKSON PARISH CORRECTIONAL CENTER,New Orleans Area of Responsibility
JMHOSFL,JACKSON MEMORIAL HOSPITAL,Miami Area of Responsibility
JOHNSTX,JOHNSON COUNTY JAIL,Dallas Area of Responsibility
JOSEPOR,JOSEPHINE CO. JAIL,Seattle Area of Responsibility
JYCMCNJ,JERSEY CITY MED CTR,New York City Area of Responsibility
KANDIMN,KANDIYOHI CO. JAIL,St. Paul Area of Responsibility
KANECIL,KANE COUNTY JAIL,Chicago Area of Responsibility
KANHOLD,KANSAS CITY HOLDROOM,Chicago Area of Responsibility
KANKEIL,KANKAKEE COUNTY JAIL,Chicago Area of Responsibility
KARNETX,KARNES CTY CORR CTR,San Antonio Area of Responsibility
KCCDCTX,KARNES COUNTY CIVIL DET. FACILITY,San Antonio Area of Responsibility
KCHOSNY,KINGS COUNTY HOSPITAL,New York City Area of Responsibility
KCOJFOK,KAY CO JUSTICE FACILITY,Chicago Area of Responsibility
KENOSWI,KENOSHA COUNTY JAIL,NA
KENTCMI,"KENT CO.,GRAND RAPIDS,MI",Detroit Area of Responsibility
KERCOCA,KERN COUNTY JAIL (LERDO),San Francisco Area of Responsibility
KERNHCA,KERN MEDICAL HOSPITAL,San Francisco Area of Responsibility
KINNETX,KINNEY COUNTY JAIL,San Antonio Area of Responsibility
KITTIWA,KITTITAS COUNTY JAIL,Seattle Area of Responsibility
KLAMCOR,KLAMATH CO JAIL,Seattle Area of Responsibility
KNXDFTN,KNOX COUNTY DETENTION FACILITY,New Orleans Area of Responsibility
KNXHOLD,KNOXVILLE HOLD ROOM,New Orleans Area of Responsibility
KODIAAK,KODIAK CITY JAIL,Seattle Area of Responsibility
KRHUBFL,KROME/MIAMI HUB,Miami Area of Responsibility
KRNRCTX,KARNES CO IMMIGRATION PROCESS CTR,San Antonio Area of Responsibility
KRO,KROME NORTH SPC,Miami Area of Responsibility
KROHOLD,KROME HOLD ROOM,NA
LACKAPA,"LACKAWANA CNTY JAIL, PA",Philadelphia Area of Responsibility
LAFERTX,LA FERIA POLICE DEPT.,Harlingen Area of Responsibility
LAKMCFL,LAKESIDE MEDICAL CENTER,NA
LANCACA,MIRA LOMA DET.CENTER,Los Angeles Area of Responsibility
LANECOR,LANE CO JAIL,Seattle Area of Responsibility
LAPAZAZ,LA PAZ COUNTY ADULT DET. FAC.,Phoenix Area of Responsibility
LAPLACO,LA PLATA COUNTY JAIL,Denver Area of Responsibility
LARCOWY,LARAMIE COUNTY JAIL,Denver Area of Responsibility
LARIMCO,LARIMER COUNTY JAIL,Denver Area of Responsibility
LASALTX,LASALLE COUNTY JAIL,San Antonio Area of Responsibility
LASHOLD,LAS CRUCES HOLD ROOM,El Paso Area of Responsibility
LASWOCA,LAS COLINAS WOMEN DET FAC,San Diego Area of Responsibility
LAURITX,LAUREL RIDGE TREATMENT CTR,San Antonio Area of Responsibility
LAVACTX,LAVACA COUNTY JAIL,NA
LAWINCI,WINN CORRECTIONAL CENTER,New Orleans Area of Responsibility
LAWREPA,LAWRENCE COUNTY JAIL,Philadelphia Area of Responsibility
LBKHOLD,LUBBOCK HOLD ROOM,Dallas Area of Responsibility
LCIMCTX,LA COPA INN HOTEL,NA
LDFHOLD,LOVELAND HOLDROOM,NA
LEACONM,LEA COUNTY JAIL,El Paso Area of Responsibility
LEHIGPA,"LEHIGH COUNTY JAIL, PA",Philadelphia Area of Responsibility
LEVYCFL,LEVY COUNTY JAIL,Miami Area of Responsibility
LEWISMT,LEWIS & CLARK COUNTY JAIL,Salt Lake City Area of Responsibility
LEWISNY,LEWIS COUNTY JAIL,New York City Area of Responsibility
LEXFCKY,LEXINGTON PROCESSING @ FAYETTE CO,Chicago Area of Responsibility
LEXINSC,LEXINGTON COUNTY JAIL,NA
LFRESTX,LOS FRESNOS POLICE DEPT.,Harlingen Area of Responsibility
LIMCJTX,LIMESTONE COUNTY JAIL,Houston Area of Responsibility
LIMESTX,LIMESTONE DET CENTER,Houston Area of Responsibility
LIMMCTX,LIMESTON MEDICAL CENTER,Houston Area of Responsibility
LINCOMO,LINCOLN COUNTY SHERIFF'S,Chicago Area of Responsibility
LINCONE,LINCOLN COUNTY JAIL,St. Paul Area of Responsibility
LINNCOR,LINN CO JAIL,Seattle Area of Responsibility
LINNJIA,LINN COUNTY JAIL,St. Paul Area of Responsibility
LIVINNY,LIVINGSTON COUNTY JAIL,NA
LKLNDLA,LAKELAND NURSING HOME,New Orleans Area of Responsibility
LLUMCCA,LOMA LINDA UNIVERSITY MED CENTER,Los Angeles Area of Responsibility
LONPDAR,LONOKE POLICE DEPT DET.CTR,New Orleans Area of Responsibility
LOSCJCA,LOS ANGELES COUNTY JAIL-TWIN TOWER,Los Angeles Area of Responsibility
LOSHOLD,LOS CUST CASE,Los Angeles Area of Responsibility
LOUCOVA,LOUDOUN COUNTY,Washington Area of Responsibility
LOUHOLD,LOUISVILLE HOLD ROOM,Chicago Area of Responsibility
LPAPSAZ,LA PALMA CORR CTR APSO,Phoenix Area of Responsibility
LPD77CA,LOS ANGELES POLICE PD 77TH DIV.,Los Angeles Area of Responsibility
LPLCCAZ,LA PALMA CORRECTIONAL CENTER,Phoenix Area of Responsibility
LQSNATX,LA QUINTA INN BY WYNDHAM SNA,NA
LQWCSTX,LA QUINTA WYNDHAM CASA DO SONHO,San Antonio Area of Responsibility
LRAHOLD,LITTLE ROCK HOLD ROOM,New Orleans Area of Responsibility
LRDHOLD,LAREDO DETENTION CENTER HOLD ROOM,Harlingen Area of Responsibility
LRDICDF,LAREDO PROCESSING CENTER,Harlingen Area of Responsibility
LRDMCTX,LAREDO MEDICAL CENTER,Harlingen Area of Responsibility
LRKBHFL,LARKIN BEHAVIORAL HEALTH SVCS,Miami Area of Responsibility
LRKMCFL,LOWER KEYS MEDICAL CENTER,NA
LRKNHFL,LARKIN HOSPITAL,Miami Area of Responsibility
LSFHOLD,LOS FRESNOS HOLD ROOM,Harlingen Area of Responsibility
LSHOSMA,LEMUEL SHATTUCK HOSPITAL,Boston Area of Responsibility
LSRDCTX,LA SALLE CO REGIONAL DET. CENTER,San Antonio Area of Responsibility
LTVHOLD,"LORTON, VA HOLD ROOM",NA
LUBBOTX,LUBBOCK COUNTY JAIL,Dallas Area of Responsibility
LUFKNTX,LUFKIN POLICE DEPT.,NA
LVGHOLD,LAS VEGAS HOLD ROOM,Salt Lake City Area of Responsibility
LYOLAIL,LOYOLA CENTER FOR HEALTH,NA
MABSHOS,BWATER ST HOSP BRIDGEWATE,Boston Area of Responsibility
MACCOMI,"MACOMB CO.MT.CLEMENS,MI.",Detroit Area of Responsibility
MADISID,MADISON COUNTY JAIL,NA
MADISMS,"MADISON CO. JAIL, MS.",New Orleans Area of Responsibility
MADISNY,MADISON COUNTY JAIL,New York City Area of Responsibility
MAHONOH,MAHONING COUNTY JAIL,Detroit Area of Responsibility
MANATFL,MANATEE COUNTY DETENTION-ANNEX,Miami Area of Responsibility
MANHOLD,MANCHESTER HOLDROOM,Boston Area of Responsibility
MAPLEOH,MAPLE HEIGHTS CITY JAIL,Detroit Area of Responsibility
MARICOR,MARION CO JAIL,Seattle Area of Responsibility
MARIOIN,MARION COUNTY JAIL,Chicago Area of Responsibility
MARSHIA,MARSHALL COUNTY JAIL,St. Paul Area of Responsibility
MARTIFL,MARTIN COUNTY JAIL,Miami Area of Responsibility
MARTNTX,MARTIN COUNTY JAIL,El Paso Area of Responsibility
MATEWKS,TEWKSBURY STATE HOSPITAL,Boston Area of Responsibility
MATSHOS,TAUNTON STATE HOSPITAL,Boston Area of Responsibility
MAVERTX,MAVERICK COUNTY JAIL,San Antonio Area of Responsibility
MCAHOLD,MCALLEN HOLD ROOM,Harlingen Area of Responsibility
MCCLETX,MCLENNAN COUNTY JAIL,Houston Area of Responsibility
MCFAJAZ,MARICOPA COUNTY JAIL,Phoenix Area of Responsibility
MCHENIL,MCHENRY COUNTY SHERIFF'S,Chicago Area of Responsibility
MCKINNM,MCKINLEY COUNTY ADULT DET. CEN.,El Paso Area of Responsibility
MCMEDAZ,MARICOPA MEDICAL CENTER,Phoenix Area of Responsibility
MEADESD,"MEADE CO. JAIL, SD",St. Paul Area of Responsibility
MECKLNC,MECKLENBURG (NC) CO JAIL,Atlanta Area of Responsibility
MEDHOLD,MEDFORD SUB-OFFICE,Seattle Area of Responsibility
MEMHOCA,MEMORIAL HOSPITAL BAKERSFIELD,San Francisco Area of Responsibility
MEMHOLD,MEMPHIS HOLD ROOM,New Orleans Area of Responsibility
MEMRHFL,MEMORIAL REGIONAL HOSP.,Miami Area of Responsibility
MERCEIL,MERCER COUNTY CORRECTIONS,Chicago Area of Responsibility
MERCYFL,MERCY HOSPITAL,NA
MESJACO,MESA COUNTY JAIL,Denver Area of Responsibility
METROFL,METRO DADE JAIL,Miami Area of Responsibility
MEYTHCT,MAINE YOUTH CENTER - LONG CREEK,Boston Area of Responsibility
MHMSATX,METHODIST HOSPITAL METROPOLITAN,San Antonio Area of Responsibility
MHNHHTX,MEMORIAL HERMANN NW HOSP,Houston Area of Responsibility
MHNSATX,METHODIST HOSPITAL NORTHEAST,San Antonio Area of Responsibility
MHSOSTX,METHODIST HOSPITAL STONE OAK,San Antonio Area of Responsibility
MHTFHOH,MERCY HEALTH - TIFFIN HOSPITAL,Detroit Area of Responsibility
MHTSATX,METHODIST HOSPITAL TEXSAN,San Antonio Area of Responsibility
MIAHOLD,MIAMI (MIRAMAR) HOLD ROOM,Miami Area of Responsibility
MIDLATX,MIDLAND DETENTION CENTER,El Paso Area of Responsibility
MILHOLD,MILWAUKEE HOLDROOM,Chicago Area of Responsibility
MILLRAR,MILLER COUNTY JAIL,New Orleans Area of Responsibility
MINICID,MINICASSIA DET. CENTER,NA
MINNESD,MINNEHAHA COUNTY JAIL,St. Paul Area of Responsibility
MIRHPRI,MIRIAM HOSPITAL,Boston Area of Responsibility
MISCOMO,MISSISSIPPI COUNTY DETENTION CENTE,Chicago Area of Responsibility
MISSOMT,MISSOULA COUNTY,Salt Lake City Area of Responsibility
MIWPRPH,WALTER REUTHER PSYCHIATRIC CENTER,Detroit Area of Responsibility
MLDHOLD,"MIDLAND, TX ERO HOLDROOM",El Paso Area of Responsibility
MLJHOLD,MOUNT LAUREL HOLD ROOM,NA
MLPHHMI,MCLAREN PORT HURON HOSP,Detroit Area of Responsibility
MNROEMI,MONROE COUNTY SHERIFF/JAIL-MAIN,Detroit Area of Responsibility
MNTGMAL,MONTGOMERY CITY JAIL,New Orleans Area of Responsibility
MOFFECO,MOFFAT COUNTY JAIL,Denver Area of Responsibility
MONCJAL,MONTGOMERY CITY JAIL,New Orleans Area of Responsibility
MONMONJ,MONMOUTH COUNTY JAIL,Newark Area of Responsibility
MONROFL,MONROE COUNTY JAIL,Miami Area of Responsibility
MONROMI,MONROE COUNTY DETENTION-DORM,Detroit Area of Responsibility
MONTGAL,MONTGOMERY CO MAC SIM BUTLER D.F.,New Orleans Area of Responsibility
MONTGMO,MONTGOMERY COUNTY JAIL,Chicago Area of Responsibility
MONTGPA,"MONTGOMERY CNTY JAIL, PA",Philadelphia Area of Responsibility
MONTGTX,MONTGOMERY COUNTY JAIL,Houston Area of Responsibility
MORGNMO,MORGAN COUNTY SHERIFF'S DEPT,Chicago Area of Responsibility
MOROWOH,MORROW CO. CORRECTIONAL FACILITY,Detroit Area of Responsibility
MOUNTND,"MOUNTRAIL CO. JAIL, ND",St. Paul Area of Responsibility
MPSIPAN,SAIPAN DEPARTMENT OF CORRECTIONS,San Francisco Area of Responsibility
MRCDSTX,MERCEDES POLICE DEPT.,Harlingen Area of Responsibility
MRREGVA,MIDDLE RIVER REGIONAL JAIL,Washington Area of Responsibility
MSF,MIAMI STAGING FACILITY,Miami Area of Responsibility
MSKGNMI,MUSKEGON COUNTY JAIL,Detroit Area of Responsibility
MSTHSTX,METHODIST SPECIALTY TRANSPLANT HOS,San Antonio Area of Responsibility
MSVPCPA,MOSHANNON VALLEY PROCESSING CENTER,Philadelphia Area of Responsibility
MTGHOLD,MONTGOMERY HOLD RM,NA
MTGPCTX,MONTGOMERY PROCESSING CTR,Houston Area of Responsibility
MTHOSTX,METHODIST HOSPITAL SOUTH,San Antonio Area of Responsibility
MTNITPA,MOUNT NITTANY MEDICAL CENTER,Philadelphia Area of Responsibility
MUSCAIA,MUSCATINE COUNTY JAIL,St. Paul Area of Responsibility
MUSIKCA,JAMES A MUSICK FACILITY,Los Angeles Area of Responsibility
MUSSEMT,MUSSELSHELL COUNTY JAIL,Salt Lake City Area of Responsibility
MVMCMAZ,MOUNTAIN VISTA MED CTR,Phoenix Area of Responsibility
MVPNHPA,PENN HIGHLANDS CLEARFIELD,Philadelphia Area of Responsibility
MWASHVA,MARY WASHINGTON HOSPITAL,Washington Area of Responsibility
NASHUMA,NASHUA ST. JAIL,Boston Area of Responsibility
NASSANY,NASSAU CO CORREC CENTER,New York City Area of Responsibility
NATCHLA,NATCHITOCHES PARISH DET. CENTER,New Orleans Area of Responsibility
NATROWY,NATRONA COUNTY JAIL,Denver Area of Responsibility
NAVSOAZ,NAVAJO COUNTY SHERIFF,Phoenix Area of Responsibility
NBGHOLD,NEWBURGH HOLDING,New York City Area of Responsibility
NBRMCFL,NORTH BROWARD MEDICAL CENTER,Miami Area of Responsibility
NCBHOTX,NORTH CENTRAL BAPTIST HOSPITAL,San Antonio Area of Responsibility
NEBHSTX,NORTHEAST BAPTIST HOSPITAL,San Antonio Area of Responsibility
NEWHOLD,NEW/INS OS HOLD ROOM,Newark Area of Responsibility
NFMIGFL,NEIGHBOR-FAMILY MIAMI GARDENS,NA
NFSMTGA,"NEIGHBOR-FAMILY, STONE MOUNTAIN",NA
NGDCTGA,NORTH GEORGIA DETENTION CENTER,Atlanta Area of Responsibility
NIXHCTX,NIX HOME CARE,NA
NMCOMNE,NEBRASKA MED CTR OMAHA,St. Paul Area of Responsibility
NNREGVA,NORTHERN NECK REG. JAIL,Washington Area of Responsibility
NNVMCNV,NORTHERN NEVADA MED CTR,Salt Lake City Area of Responsibility
NOBLEMN,NOBLES CO. JAIL,St. Paul Area of Responsibility
NOJUVOR,NORTHERN OREGON JUV.DET.,Seattle Area of Responsibility
NOLHOLD,NEW ORLEANS HOLD ROOM,New Orleans Area of Responsibility
NOLVGNV,NORTH LAS VEGAS,NA
NORCOOR,NORTHERN OREGON CORR.FAC.,Seattle Area of Responsibility
NORFOMA,NORFLK CNTY DEDHAM,Boston Area of Responsibility
NORFOVA,NORFOLK CITY JAIL,Washington Area of Responsibility
NORHOLD,NORFOLK SUB-OFFICE HOLD,Washington Area of Responsibility
NRJDCVA,NW REG JUV DET CTR,NA
NRPHOLD,NORTH PLATTE HOLD ROOM,St. Paul Area of Responsibility
NRVRJVA,NEW RIVER VALLEY REG. JAIL,Washington Area of Responsibility
NVJDCVA,NO. VA. JUVENILE DET - ICE,Washington Area of Responsibility
NVSDCNV,NEVADA SOUTHERN DETENTION CENTER,Salt Lake City Area of Responsibility
NWHNVNC,NEW HANOVER CO DET CENTER,NA
NWRCCMN,NW REGIONAL CORRECTIONS CENTER,St. Paul Area of Responsibility
NWREGVA,NORTHWEST REG. ADULT DET.,Washington Area of Responsibility
NYADIRC,"ADIRONDACK CF, RAYBROOK",New York City Area of Responsibility
NYBUFFC,"BUFFALO CF, ALDEN,NY",New York City Area of Responsibility
NYCHOLD,NYC HOLD ROOM,New York City Area of Responsibility
NYEASTC,EASTERN C.F. NAPANOCH,New York City Area of Responsibility
NYEPANV,NYE COUNTY SHERIFF-PAHRUMP,Salt Lake City Area of Responsibility
NYFISHC,FISHKILL C.F. BEACON NY,New York City Area of Responsibility
NYGREAC,GREAT MEADOW C.F.,New York City Area of Responsibility
NYGROVC,GROVELAND C.F. SONYEA,New York City Area of Responsibility
NYLIVIC,LIVINGSTON CORRECTIONAL,New York City Area of Responsibility
NYMARCC,MARCY CORRECTIONAL,New York City Area of Responsibility
NYMDSTC,MIDSTATE CORRECTIONAL,New York City Area of Responsibility
NYMOHOC,MOHAWK CORRECTIONAL,New York City Area of Responsibility
NYOGDNC,OGDENSBURG CORRECTIONAL,New York City Area of Responsibility
NYORLNC,ORLEANS CORRECTIONAL,New York City Area of Responsibility
NYULSTC,"ULSTER CF, NAPANOCH",New York City Area of Responsibility
OAK,OAKDALE FED. DET. CENTER,NA
OAKHOLD,OAKDALE HOLDING ROOM,New Orleans Area of Responsibility
OCCWJCA,ORANGE COUNTY CENTRAL WOMEN'S JAIL,Los Angeles Area of Responsibility
OCIRCCA,ORANGE COUNT INTAKE RELEASE FAC.,Los Angeles Area of Responsibility
ODESSTX,ODESSA DETENTION CENTER,El Paso Area of Responsibility
OGCMCCA,ORANGE CO GLOBAL MEDICAL CENTER,NA
OGLECIL,OGLE COUNTY JAIL,Chicago Area of Responsibility
OGRMCNY,ORANGE REGIONAL MED CTR,New York City Area of Responsibility
OGUHOLD,OGDEN HOLD ROOM,Salt Lake City Area of Responsibility
OKANOWA,OKANOGAN CO. JAIL,Seattle Area of Responsibility
OKCHOLD,OKLAHOMA CITY HOLD ROOM.,Dallas Area of Responsibility
OKCOJOK,OKLAHOMA COUNTY JAIL,Dallas Area of Responsibility
OKMHKTX,OTTO KAISER MEMORIAL HOSPITAL,San Antonio Area of Responsibility
OKMULOK,OKMULGEE COUNTY JAIL,Dallas Area of Responsibility
OLACCLA,LASALLE CORR CTR OLLA,New Orleans Area of Responsibility
OLDHAKY,OLDHAM COUNTY JAIL,Chicago Area of Responsibility
OMAHOLD,OMAHA FO HOLD,St. Paul Area of Responsibility
ONECONY,ONEIDA COUNTY JAIL,New York City Area of Responsibility
ONONDNY,ONONDAGA COUNTY JAIL,New York City Area of Responsibility
ONTARNY,ONTARIO COUNTY JAIL,New York City Area of Responsibility
ORANGFL,ORANGE COUNTY JAIL,Miami Area of Responsibility
ORANGNY,ORANGE COUNTY JAIL,New York City Area of Responsibility
ORLHOLD,ORLANDO HOLD ROOM,Miami Area of Responsibility
ORPARLA,ORLEANS PARISH SHERIFF,New Orleans Area of Responsibility
OSAHOKS,OSAWATAMIE STATE HOSPITAL,Chicago Area of Responsibility
OTEROCO,OTERO COUNTY JAIL,Denver Area of Responsibility
OTERONM,OTERO COUNTY DETENTION,El Paso Area of Responsibility
OTROPNM,OTERO COUNTY PRISON FACILITY,El Paso Area of Responsibility
OTRPCNM,OTERO CO PROCESSING CENTER,El Paso Area of Responsibility
PALMBFL,PALM BEACH COUNTY JAIL,Miami Area of Responsibility
PARKJCO,PARK COUNTY JAIL,Denver Area of Responsibility
PASADCA,PASADENA CITY JAIL,Los Angeles Area of Responsibility
PAVHRPR,PAVIA HOSPITAL - HATO REY,Miami Area of Responsibility
PCJDCIL,PEORIA COUNTY JUV DET CENTER,NA
PCKNSAL,PICKENS COUNTY DET CTR,NA
PCSHOLD,PECOS HOLD ROOM,El Paso Area of Responsibility
PDNHOLD,PDN HOLD ROOM,El Paso Area of Responsibility
PECOSTX,PECOS CRIMINAL JUSTICE CENTER,El Paso Area of Responsibility
PENDRNC,PENDER COUNTY JAIL,Atlanta Area of Responsibility
PENNISD,PENNINGTON COUNTY JAIL SD,St. Paul Area of Responsibility
PENOBME,PENOBSCOT COUNTY JAIL,Boston Area of Responsibility
PHELPNE,PHELPS COUNTY JAIL,St. Paul Area of Responsibility
PHIHOLD,PHI DISTRICT OFFICE,Philadelphia Area of Responsibility
PHOHOLD,PHOENIX DIST OFFICE,Phoenix Area of Responsibility
PIC,PORT ISABEL SPC,Harlingen Area of Responsibility
PICKJOH,PICKAWAY COUNTY JAIL,Detroit Area of Responsibility
PIERCND,PIERCE COUNTY JAIL,St. Paul Area of Responsibility
PIKCOPA,PIKE COUNTY JAIL,Philadelphia Area of Responsibility
PIMAJAZ,PIMA COUNTY JAIL,Phoenix Area of Responsibility
PINALAZ,PINAL COUNTY JAIL,Phoenix Area of Responsibility
PINELFL,PINELLAS COUNTY JAIL,Miami Area of Responsibility
PINEPLA,PINE PRAIRIE ICE PROCESSING CENTER,New Orleans Area of Responsibility
PISCAME,PISCATAGUIS COUNTY JAIL,Boston Area of Responsibility
PITHOLD,PITTSBURGH HOLDROOM,NA
PKCNTPA,PIKE COUNTY JAIL,Philadelphia Area of Responsibility
PKEHOLD,PIKE COUNTY ERO HOLD ROOM,NA
PKLDHTX,PARKLAND HOSPITAL,NA
PLATTMO,PLATTE COUNTY JAIL,Chicago Area of Responsibility
PLATTWY,PLATTE COUNTY JAIL,Denver Area of Responsibility
PLMBHTX,PALMS BEHAVIORAL HEALTH,NA
PLMVWTX,PALMVIEW POLICE DEPT.,Harlingen Area of Responsibility
PLRMCCA,PALMDALE REGIONAL MEDICAL CENTER,NA
PLYMOMA,PLYMOUTH CO COR FACILTY,Boston Area of Responsibility
PMHOSFL,PALMETTO HOSPITAL,Miami Area of Responsibility
PMMCAHI,PALI MOMI MEDICAL CENTER,San Francisco Area of Responsibility
POLKCTX,IAH SECURE ADULT DET. FACILITY,Houston Area of Responsibility
POLKJIA,POLK COUNTY JAIL,St. Paul Area of Responsibility
POMHOLD,"PORTLAND, ME HOLDROOM",Boston Area of Responsibility
POMONCA,POMONA CITY JAIL,Los Angeles Area of Responsibility
POOHOLD,PORTLAND DISTRICT OFFICE,Seattle Area of Responsibility
POTTAIA,POTTAWATTAMIE COUNTY JAIL,St. Paul Area of Responsibility
PRESITX,PRESIDIO COUNTY JAIL,El Paso Area of Responsibility
PRLDCTX,PRAIRIELAND DETENTION CENTER,Dallas Area of Responsibility
PRLHOLD,PRAIRIELAND SUBOFFICE HOLD ROOM,NA
PROHOLD,PROHOLD,NA
PRSHANM,PRESBYTERIAN HOSP ABQ,NA
PRUHOLD,PROVO HOLD ROOM,Salt Lake City Area of Responsibility
PRVEGAL,VEGA ALTA DET. FACILITY,Miami Area of Responsibility
PRYCOAL,PERRY COUNTY JAIL,New Orleans Area of Responsibility
PTISATX,PEAR TREE INN SNA AIRPORT,NA
PTISBTX,PORT ISABEL POLICE DEPT.,Harlingen Area of Responsibility
PUEBLCO,PUEBLO COUNTY JAIL,Denver Area of Responsibility
PUEHOLD,PUEBLO HOLDROOM,Denver Area of Responsibility
PULASIL,PULASKI COUNTY JAIL,Chicago Area of Responsibility
PUTMAFL,PUTMAN COUNTY JAIL,Miami Area of Responsibility
PVLYHCA,PARADISE VALLEY HOSPITAL,San Diego Area of Responsibility
PWHOSFL,PALMS WEST HOSPITAL,Miami Area of Responsibility
PWILLVA,PRINCE WILLIAM,Washington Area of Responsibility
QLTYSCA,QUALITY SUITES,San Diego Area of Responsibility
QUEHONY,QUEENS HOUSE OF DETENTION,New York City Area of Responsibility
RAADCMN,"RAMSEY ADC ANNEX, SPM",St. Paul Area of Responsibility
RADDFGA,ROBERT A DEYTON DETENTION FAC,Atlanta Area of Responsibility
RAMEPTX,RAMADA BY WYNDHAM EL PASO,NA
RAPPSVA,RAPP SEC CENTER,Washington Area of Responsibility
RCKISIL,ROCK ISLAND CORRECTIONAL CENTER,NA
RCMHOLD,RICHMOND SUB-OFFICE HOLD,Washington Area of Responsibility
RDHEATX,RADISSON HTL ELP AIRPORT,NA
RDRVHTX,RED RIVER HOSPITAL,NA
RDUHOLD,RALEIGH HOLD ROOM,Atlanta Area of Responsibility
REDETTX,REEVES COUNTY DET. CENTER,El Paso Area of Responsibility
REDHOLD,REDDING HOLD ROOM,NA
REHOSIL,RIVEREDGE HOSPITAL,Chicago Area of Responsibility
REJAITX,REEVES COUNTY JAIL,El Paso Area of Responsibility
REJUVTX,REEVES CO. JUV. DET. CTR.,El Paso Area of Responsibility
RENHOLD,RENO HOLD ROOM,Salt Lake City Area of Responsibility
RENSSNY,RENSSELAER CO SHERIFF,New York City Area of Responsibility
RESIDTX,RESIDENCE INN DALLAS AP,NA
RGHOSTX,RIO GRANDE ST.HOSPITAL,Harlingen Area of Responsibility
RGRNDTX,RIO GRANDE DETENTION CENTER,Harlingen Area of Responsibility
RGS,RIO GRANDE VALLEY STAGING,Harlingen Area of Responsibility
RICECKS,RICE COUNTY DET CENTER,Chicago Area of Responsibility
RICHMVA,RICHMOND CITY JAIL,Washington Area of Responsibility
RICHOLD,RICHLAND HOLD ROOM,NA
RICRANS,RHODE ISLAND DEPT OF CORRECTIONS,Boston Area of Responsibility
RIHPRRI,RHODE ISLAND HOSPITAL,Boston Area of Responsibility
RIIHOLD,ROCK ISLAND HOLD ROOM,Chicago Area of Responsibility
RIOCCCA,RIO COSUMNES CORRECTIONS-RCCC,San Francisco Area of Responsibility
RIOGRCO,RIO GRANDE COUNTY JAIL,Denver Area of Responsibility
RIVERCA,RIVERSIDE COUNTY SHERIFF,San Francisco Area of Responsibility
RMKHOLD,ROANOKE SUB-OFFICE HOLD ROOM,NA
RMWYPAZ,RAMADA BY WYNDHAM PHO,NA
RNDLLTX,RANDALL COUNTY JAIL,Dallas Area of Responsibility
ROANOVA,ROANOKE COUNTY JAIL,Washington Area of Responsibility
ROBERSD,"ROBERTS CO. JAIL, SD",St. Paul Area of Responsibility
ROCKIIL,ROCK ISLAND COUNTY JAIL,Chicago Area of Responsibility
ROCKINH,ROCKINGHAM COUNTY JAIL,Boston Area of Responsibility
ROCKIVA,ROCKINGHAM CO. JAIL,Washington Area of Responsibility
RONKEVA,ROANOKE CITY JAIL,Washington Area of Responsibility
RPCHOLD,RAPID CITY HOLD ROOM,St. Paul Area of Responsibility
RRFINWA,RED ROOF INN,Seattle Area of Responsibility
RRIVRIL,ROCK RIVER HEALTH CARE,NA
RSREGVA,RIVERSIDE REG JAIL,Washington Area of Responsibility
RSWHOLD,ROSWELL HOLD ROOM,NA
RVBHHTX,RIO VISTA BEHV HLTH HSP,NA
RVRCCLA,River Correctional Center,New Orleans Area of Responsibility
RWCCMLA,RICHWOOD COR CENTER,New Orleans Area of Responsibility
SAAHOLD,SANTA ANA DRO HOLDROOM,Los Angeles Area of Responsibility
SACHOLD,SACRAMENTO HOLD,San Francisco Area of Responsibility
SACITCA,SANTA ANA CITY JAIL,Los Angeles Area of Responsibility
SACRACA,SACRAMENTO COUNTY JAIL,San Francisco Area of Responsibility
SAGHOLD,SAN ANGELO HOLDROOM,Dallas Area of Responsibility
SAIHOLD,SAIPAIN HOLD,San Francisco Area of Responsibility
SAJHOLD,SAN JUAN SUB-OFFICE HOLD ROOM,Miami Area of Responsibility
SALEMNJ,SALEM COUNTY CORRECTIONAL FACILITY,Newark Area of Responsibility
SALHOLD,SALISBURY HOLD ROOM,NA
SALINNE,SALINE COUNTY JAIL,St. Paul Area of Responsibility
SAMBCMI,SAMARITAN BEHAVIORAL CENTER,Detroit Area of Responsibility
SANDONM,SANDOVAL COUNTY DET CTR,El Paso Area of Responsibility
SANJAIL,SANGAMON COUNTY JAIL,Chicago Area of Responsibility
SANMINM,SAN MIGUEL COUNTY DET CTR,El Paso Area of Responsibility
SANTANM,SANTA FE COUNTY JAIL,El Paso Area of Responsibility
SARASFL,SARASOTA COUNTY JAIL,Miami Area of Responsibility
SARJUNE,SARPY COUNTY JUVENILE,St. Paul Area of Responsibility
SBARBCA,SANTA BARBARA COUNTY JAIL,Los Angeles Area of Responsibility
SBDHOLD,SAN BERNARDINO HOLD ROOM,Los Angeles Area of Responsibility
SBERNCA,SAN BERNARDINO CO. JAIL,Los Angeles Area of Responsibility
SBNTOTX,SAN BENITO POLICE DEPT.,Harlingen Area of Responsibility
SCNORCA,SANTA CLARA CO MAIN JAIL,San Francisco Area of Responsibility
SCOTTIA,SCOTT COUNTY DET.FACILITY,St. Paul Area of Responsibility
SCOTTMO,SCOTT COUNTY JAIL,Chicago Area of Responsibility
SCOTTNE,SCOTTS BLUFF CO JAIL,St. Paul Area of Responsibility
SCRUZAZ,SANTA CRUZ CO JAIL AZ,Phoenix Area of Responsibility
SCVMCCA,SHARP CHULA VISTA MEDICAL CENTER,San Diego Area of Responsibility
SDHOSCA,SAN DIEGO AREA HOSPITAL,NA
SDPROCA,S.D. COUNTY PROBATION,San Diego Area of Responsibility
SEAHOLD,SEATTLE FIELD OFFICE HOLD ROOM,Seattle Area of Responsibility
SEBASAR,SEBASTIAN COUNTY DET CNT,New Orleans Area of Responsibility
SENECNY,SENECA COUNTY JAIL,New York City Area of Responsibility
SENECOH,SENECA COUNTY JAIL,Detroit Area of Responsibility
SFCORNM,SANTA FE CORNELL DET. FAC.,El Paso Area of Responsibility
SFDHOLD,SIOUX FALLS HOLD ROOM,St. Paul Area of Responsibility
SFRHOLD,SFR HOLD ROOM,San Francisco Area of Responsibility
SGUHOLD,"ST. GEORGE, UT HOLDROOM",Salt Lake City Area of Responsibility
SHACOKS,SHAWNEE COUNTY DEPT OF CORR.,Chicago Area of Responsibility
SHAJUKS,SHAWNEE COUNTY JUV.DET.CTR,Chicago Area of Responsibility
SHECOVA,SHENANDOAH CO JAIL,Washington Area of Responsibility
SHERBMN,SHERBURNE COUNTY JAIL,St. Paul Area of Responsibility
SHERIMT,SHERIDAN COUNTY JAIL,Salt Lake City Area of Responsibility
SHNMCTX,SHANNON MEDICAL CENTER,Dallas Area of Responsibility
SILERTN,SILVERDALE/HAMILTON COUNTY,New Orleans Area of Responsibility
SISAONE,SLEEP INN SUITES AIRPORT,NA
SITKAAK,"SITKA CITY JAIL, SITKA AK",Seattle Area of Responsibility
SJS,SAN JUAN STAGING,Miami Area of Responsibility
SJUANNM,SAN JUAN COUNTY DETENTION CENTER,El Paso Area of Responsibility
SJUANTX,SAN JUAN POLICE DEPT.,Harlingen Area of Responsibility
SJUHOLD,SAN JUAN AIRPORT HOLD ROOM,Miami Area of Responsibility
SLBHSTX,ST LUKE'S BAPTIST HOSPITAL,San Antonio Area of Responsibility
SLCHOLD,SALT LAKE CITY HOLD ROOM,Salt Lake City Area of Responsibility
SLINPAZ,SLEEP INN PHOENIX,NA
SLJUVCA,SAN LUIS OBISPO CO. JUVEN,Los Angeles Area of Responsibility
SLOBICA,SAN LUIS OBISPO CO JAIL,Los Angeles Area of Responsibility
SLRDCAZ,SAN LUIS REGIONAL DET CENTER,San Diego Area of Responsibility
SLSLCUT,SALT LAKE COUNTY JAIL,Salt Lake City Area of Responsibility
SMRVLTX,SOMERVELL COUNTY SHERIFF'S DEPT.,Houston Area of Responsibility
SNAHOLD,SAN ANTONIO DRO HOLD ROOM,San Antonio Area of Responsibility
SNDCOCA,SAN DIEGO COUNTY JAIL,San Diego Area of Responsibility
SNDHOLD,SND DISTRICT STAGING,San Diego Area of Responsibility
SNJHOLD,SNJ HOLD ROOM,San Francisco Area of Responsibility
SOBAYCA,SOUTH BAY DETENT FACILITY,San Diego Area of Responsibility
SOMERME,SOMERSET COUNTY JAIL,Boston Area of Responsibility
SONMACA,SONOMA CO MAIN ADULT DET,San Francisco Area of Responsibility
SP8WWTX,SUPER 8 WYNDHAM WESLACO,NA
SPGHOLD,SPRINGFIELD DRO HOLD,Chicago Area of Responsibility
SPHOSCA,SAN PEDRO PENINSULA HOSPITAL,Los Angeles Area of Responsibility
SPIPDTX,SOUTH PADRE ISLAND POLICE DEPT.,Harlingen Area of Responsibility
SPMHOLD,BISHOP HENRY WHIPPLE FED BLDG,St. Paul Area of Responsibility
SPOHOLD,SPOKANE HOLD ROOM,NA
SPRNGOR,SPRINGFIELD CITY JAIL,Seattle Area of Responsibility
SRJDFID,SNAKE RIVER JUVENILE,NA
SSHBWTX,SURESTAY HOTEL BEST WEST,NA
SSHSWMA,SOUTH SHORE HOSPITAL,Boston Area of Responsibility
SSMHOLD,SAULT SAINTE MARIE HOLDROOM,Detroit Area of Responsibility
SSPBAAZ,STAYBRIDGE STE PHO  B A,NA
STAHOLD,SAINT ALBANS HOLD ROOM,Boston Area of Responsibility
STCDFTX,SOUTH TEXAS ICE PROCESSING CENTER,San Antonio Area of Responsibility
STCLAMI,ST. CLAIR COUNTY JAIL,Detroit Area of Responsibility
STCROWI,ST. CROIX COUNTY JAIL,Chicago Area of Responsibility
STDHOLD,SOUTH TEXAS/PEARSALL HOLD ROOM,San Antonio Area of Responsibility
STEUBNY,STEUBEN COUNTY JAIL,New York City Area of Responsibility
STEVEWA,STEVENS COUNTY JAIL,Seattle Area of Responsibility
STFRCTX,SOUTH TEXAS FAM RESIDENTIAL CENTER,San Antonio Area of Responsibility
STJONFL,ST. JOHN'S COUNTY JAIL,Miami Area of Responsibility
STJOSAZ,ST. JOSEPH'S HOSPITAL & MED. CEN.,Phoenix Area of Responsibility
STJOSCA,ST. JOSEPH'S HOSPITAL,Los Angeles Area of Responsibility
STK,STOCKTON STAGING FACILITY,San Diego Area of Responsibility
STLAWNY,ST LAWRENCE COUNTY JAIL,New York City Area of Responsibility
STLHOLD,ST. LOUIS HOLDROOM,Chicago Area of Responsibility
STMARAZ,ST MARY'S HOSPITAL,Phoenix Area of Responsibility
STMARCA,ST MARY MEDICAL CENTER,NA
STORYIA,STORY COUNTY JAIL,St. Paul Area of Responsibility
STRAFNH,STRAFFORD CO DEPT OF CORR,Boston Area of Responsibility
STTAMLA,ST TAMMANY PARISH JAIL,New Orleans Area of Responsibility
STTCJVI,ST T CRIMINAL JUST COMPLX,Miami Area of Responsibility
STUHOLD,STUART HOLD ROOM,NA
STUTSND,"STUTSMAN CO. JAIL, ND",St. Paul Area of Responsibility
STWRTGA,STEWART DETENTION CENTER,Atlanta Area of Responsibility
SUFFOMA,SUFFOLK HOC SBAY,Boston Area of Responsibility
SUFFONY,SUFFOLK CO.CORREC FAC,New York City Area of Responsibility
SUMMIUT,SUMMIT COUNTY JAIL,Salt Lake City Area of Responsibility
SUNNYWA,SUNNYSIDE JAIL,Seattle Area of Responsibility
SUPHDTX,SUPER 8 BY WYNDHAM,NA
SUSSEDE,"SUSSEX CO PRIS,GEOTWN,DE",Philadelphia Area of Responsibility
SUSSENJ,SUSSEX COUNTY JAIL,Newark Area of Responsibility
SUWANFL,SUWANNEE COUNTY JAIL,Miami Area of Responsibility
SWEETWY,SWEETWATER COUNTY JAIL,Denver Area of Responsibility
SXCHOLD,SIOUX CITY HOLD ROOM,NA
TAKARTX,TRUSTED ADULT KARNES FSC,San Antonio Area of Responsibility
TALHOLD,TALLAHASSEE HOLD ROOM,Miami Area of Responsibility
TALLAMS,TALLAHATCHIE CO CORR FACILITY,New Orleans Area of Responsibility
TAMHOLD,TAMPA HOLD ROOM,Miami Area of Responsibility
TASTDTX,TRUSTED ADULT SOUTH TEX DILLEY FSC,San Antonio Area of Responsibility
TAYLOTX,TAYLOR COUNTY ADULT DET.,Dallas Area of Responsibility
TELLECO,TELLER COUNTY JAIL,Denver Area of Responsibility
TEMPLCA,TEMPLE MEDICAL,Los Angeles Area of Responsibility
TENSALA,TENSAS PARISH DET. CNTR.,New Orleans Area of Responsibility
TETONWY,TETON COUNTY DETENTION CENTER,Denver Area of Responsibility
TFALLID,TWIN FALLS COUNTY JAIL,NA
TFIHOLD,TWIN FALLS HOLD ROOM,NA
TGREETX,TOM GREEN CTY JAIL,Dallas Area of Responsibility
THHEBTX,TX HEALTH METH HOSP HEB,NA
THHHBTX,TEX HEALTH HUGULEY HOSP,NA
THPSCTX,THOP SIERRA CAMPUS ELP,NA
TIOGANY,TIOGA COUNTY JAIL,New York City Area of Responsibility
TITUSTX,TITUS COUNTY JAIL,Dallas Area of Responsibility
TLACYCA,THEO LACY FACILITY,Los Angeles Area of Responsibility
TNGLPOE,TORNILLO-GUADALUPE POE,NA
TNWESDF,WESTERN TENNESSEE DET. FAC.,New Orleans Area of Responsibility
TOOELUT,TOOELE COUNTY JAIL,Salt Lake City Area of Responsibility
TOOLEMT,TOOLE COUNTY JAIL,Salt Lake City Area of Responsibility
TOORANM,"TORRANCE/ESTANCIA, NM",El Paso Area of Responsibility
TORHOLD,TORNILLO ADULT HOLD ROOM,El Paso Area of Responsibility
TRAVITX,TRAVIS COUNTY JAIL,San Antonio Area of Responsibility
TRICOIL,TRI-COUNTY JAIL,NA
TRRMCNJ,TRINITAS REGIONAL MED CTR,Newark Area of Responsibility
TUCHOLD,TUCSON INS HOLD ROOM,Phoenix Area of Responsibility
TULCOOK,TULSA COUNTY JAIL,Dallas Area of Responsibility
TULHOLD,TULSA HOLD ROOM,NA
TVMSATX,TEXAS VISTA MEDICAL CENTER,San Antonio Area of Responsibility
TXAHOLD,TEXARKANA HOLDROOM,New Orleans Area of Responsibility
UCHUHCO,UCHEALTH UNV HOSP OF CO,Denver Area of Responsibility
UCSDHCA,UNV CALIFORNIA SAN DIEGO HOSPITAL,San Diego Area of Responsibility
UHGMCOH,UNIV HOSP GEAUGA MED CTR,Detroit Area of Responsibility
UINTCUT,UINTAH COUNTY JAIL,NA
UMATCOR,UMATILLA CO JAIL,Seattle Area of Responsibility
UMCEPTX,UNIVERSITY MED CENTER OF EL PASO,NA
UMIAHFL,UNIVERSITY OF MIAMI HOSPITAL,NA
UNIONSD,UNION COUNTY JAIL,St. Paul Area of Responsibility
UNIVHNJ,UNIVERSITY HOSPITAL,Newark Area of Responsibility
UPMCAPA,UPMC ALTOONA,Philadelphia Area of Responsibility
USMS2TX,US MARSHALS SDTX BROWNSVILLE,Harlingen Area of Responsibility
USMS3TX,US MARSHALS  SDTX,Harlingen Area of Responsibility
USMSDMS,"US MARSHALS, S.DIST, MS",New Orleans Area of Responsibility
USMVT,"US MARSHAL'S, VERMONT",Boston Area of Responsibility
USMWDLA,"US MARSHALS, W.D. LA.",New Orleans Area of Responsibility
UTAHCUT,UTAH COUNTY JAIL,Salt Lake City Area of Responsibility
UVALDTX,UVALDE COUNTY JAIL,San Antonio Area of Responsibility
UVHSATX,UNIVERSITY HOSPITAL,San Antonio Area of Responsibility
VALVETX,VAL VERDE DETENTION CENTER,San Antonio Area of Responsibility
VBHOSTX,VALLEY BAPTIST HOSPITAL,San Antonio Area of Responsibility
VENHOLD,VENTURA CUSTODY CASE,Los Angeles Area of Responsibility
VENTUCA,VENTURA COUNTY JAIL,Los Angeles Area of Responsibility
VICTOTX,VICTORIA COUNTY JAIL,San Antonio Area of Responsibility
VIRBEVA,VIRGINIA BEACH,Washington Area of Responsibility
VISTACA,VISTA DETENTION FACILITY,San Diego Area of Responsibility
VPREGVA,VIRGINIA PENINSULA REG. JAIL,Washington Area of Responsibility
VRK,VARICK STREET SPC,New York City Area of Responsibility
VTCHTDN,CHITTENDEN REG. COR. FACILITY,Boston Area of Responsibility
VTDCORR,VT. DEPT. OF CORRECTIONS,Boston Area of Responsibility
VTSTALB,NORTHWEST STATE CORRECTIONAL CTR.,Boston Area of Responsibility
VVGMCCA,VICTOR VALLEY GLOBAL MED CENTER,NA
VVSHOLD,SHREVEPORT HOLD ROOM,New Orleans Area of Responsibility
VWHMCAZ,VALLEYWISE HEALTH MED CTR,Phoenix Area of Responsibility
WACLATX,CENTRAL TEXAS DETENTION FACILITY,San Antonio Area of Responsibility
WAJAIMN,WASHINGTON COUNTY JAIL,St. Paul Area of Responsibility
WAKECNC,WAKE COUNTY SHERIFF DEPT.,NA
WAKULFL,WAKULLA COUNTY JAIL,Miami Area of Responsibility
WALSHND,WALSH COUNTY JAIL,St. Paul Area of Responsibility
WARCOTX,"WARD CTY JAIL, MONAHANS",El Paso Area of Responsibility
WARDCND,WARD COUNTY JAIL,St. Paul Area of Responsibility
WASATUT,WASATCH COUNTY JAIL,NA
WASCONY,WASHINGTON COUNTY JAIL,New York City Area of Responsibility
WASHCUT,WASHINGTON COUNTY JAIL,Salt Lake City Area of Responsibility
WASHIAR,WASHINGTON COUNTY JAIL,New Orleans Area of Responsibility
WASHICO,WASHINGTON COUNTY JAIL,Denver Area of Responsibility
WASHOLD,WASHINGTON FIELD OFFICE,Washington Area of Responsibility
WASHONV,WASHOE COUNTY JAIL,Salt Lake City Area of Responsibility
WASHTMI,"WASHTENAW CO, AN ARBOR,MI",Detroit Area of Responsibility
WAUKEWI,WAUKESHA COUNTY JAIL,Chicago Area of Responsibility
WAYNENY,WAYNE COUNTY JAIL,NA
WCCBXTX,BEXAR COUNTY WACKENHUT ANNUAL DET.,San Antonio Area of Responsibility
WCCPBFL,BROWARD TRANSITIONAL CENTER,Miami Area of Responsibility
WCCSDCA,WACKENHUT CORRECTIONS CORP,San Diego Area of Responsibility
WCRDFTX,WILLACY CO  REGIONAL DETN FACIL,Harlingen Area of Responsibility
WCTHOLD,WACO DRO HOLD ROOM,Houston Area of Responsibility
WEBDCTX,WEBB COUNTY DETENTION CENTER (CCA),Harlingen Area of Responsibility
WEBERUT,WEBER COUNTY JAIL,NA
WESHOLD,WESTMINSTER CUSTODY,Los Angeles Area of Responsibility
WHITFGA,WHITFIELD COUNTY JAIL,Atlanta Area of Responsibility
WICHOLD,WICHITA HOLDROOM,Chicago Area of Responsibility
WIDODGE,"DODGE CORR INSTITUTE, WAU",NA
WINCOTX,WINKLER COUNTY JAIL,El Paso Area of Responsibility
WINWYAZ,WINGATE WYNDHAM CASA ESPERANZA,NA
WKBHMFL,WEST KENDALL BAPTIST HOSP,Miami Area of Responsibility
WMDBHFL,WEST MIAMI DADE BAPT HEALTH EMERG,NA
WMHOSCA,WHITE MEMORIAL HOSPITAL,Los Angeles Area of Responsibility
WNTHOLD,WENATCHEE HOLD ROOM,NA
WOAKSTX,WEST OAKS HOSPITAL,NA
WOODBIA,WOODBURY COUNTY JAIL,St. Paul Area of Responsibility
WORCEMD,WORCESTER CO. JAIL,NA
WSTMCCA,WESTERN MEDICAL CENTER,Los Angeles Area of Responsibility
WTREGVA,WESTERN TIDEWATER REG. JAIL,Washington Area of Responsibility
WTXDFTX,WEST TEXAS DETENTION FACILITY,El Paso Area of Responsibility
WVEASTR,EASTERN REGIONAL JAIL,Philadelphia Area of Responsibility
WVIRGVA,WESTERN VIRGINIA REGIONAL JAIL,Washington Area of Responsibility
WVNORTH,NORTHERN REGIONAL JAIL,Philadelphia Area of Responsibility
WVREGWV,WV REGIONAL JAIL & CORR.,Philadelphia Area of Responsibility
WVSCENT,SOUTH CENTRAL REGIONAL JAIL,Philadelphia Area of Responsibility
WWDHDNH,WENTWORTH DOUGLAS HOSPITAL,Boston Area of Responsibility
WYATTRI,WYATT DETENTION CENTER,Boston Area of Responsibility
WYMCONY,WYOMING COUNTY JAIL,New York City Area of Responsibility
YAKHOLD,YAKIMA SUB-OFFICE,Seattle Area of Responsibility
YANCOSD,YANKTON CO. JAIL SD,St. Paul Area of Responsibility
YATESNY,YATES COUNTY JAIL,New York City Area of Responsibility
YAVAPAZ,YAVAPAI COUNTY JAIL,Phoenix Area of Responsibility
YAVCVAZ,YAVAPAI COUNTY DETENTION CENTER,Phoenix Area of Responsibility
YELLOMT,YELLOWSTONE COUNTY JAIL,Salt Lake City Area of Responsibility
YIKIMWA,YAKIMA COUNTY,Seattle Area of Responsibility
YORCOPA,"YORK COUNTY JAIL, PA",Philadelphia Area of Responsibility
YORCOSC,YORK COUNTY DETENTION CENTER,NA
YORKCME,YORK COUNTY JAIL,Boston Area of Responsibility
YRKHOLD,YORK HOLD ROOM,NA
YUBAJCA,YUBA COUNTY JAIL,San Francisco Area of Responsibility
YUMHOLD,YUMA HOLDROOM,Phoenix Area of Responsibility
